Player Name,Likes,Inj,Pos,Salary,Team,Opp,Vegas Pts,Vegas Spread,Defense Pass Yds/G,Defense Rush Yds/G,DvP,L3 Pass Att,S Pass Att,Proj Pass Att,Red Zone Pass Att,Yards Per Pass Att,L3 Rush Att,S Rush Att,Proj Rush Att,Red Zone Rush Att,Yards Per Rush Att,L3 Targets,S Targets,Proj Targets,Red Zone Targets,Yards Per Target,Projected Usage,L3 FP,L16 FP,S FP,Floor FP,Ceil FP,Proj FP,Proj Val,Actual FP,Actual Val
Davante Adams,,,WR,8800,GB,MIN,29.0,GB by 6.5,16%,7%,18%,0.0,0.0,0.0,0.0,0.0,0.0,0.0,0.0,0.0,0.0,9.7,11.5,11.2,1.5,9.8,18,22.1,27.7,27.7,6.4,49.1,22.9,2.6,0.0,0.0
Alvin Kamara,,,RB,8200,NO,@CHI,23.8,NO by 4,-10%,1%,-4%,0.0,0.0,0.0,0.0,0.0,14.7,12.5,13.1,3.0,4.9,7.3,8.8,7.8,1.3,8.7,33,21.2,28.9,28.9,17.5,40.3,23.4,2.9,0.0,0.0
Patrick Mahomes,,,QB,8100,KC,NYJ,34.3,KC by 19.5,5%,6%,8%,30.7,34.6,36.0,5.3,7.8,5.3,4.9,4.7,1.0,4.9,0.0,0.0,0.0,0.0,0.0,57,22.1,25.8,25.8,15.3,36.2,27.0,3.3,0.0,0.0
Christian McCaffrey,,O,RB,8100,CAR,ATL,27.0,CAR by 2,35%,-22%,8%,0.0,0.0,0.0,0.0,0.0,20.5,20.5,0.0,6.0,3.8,4.5,4.5,0.0,0.0,7.4,0,26.6,26.6,26.6,24.1,29.1,0.0,0.0,0.0,0.0
Derrick Henry,,,RB,8000,TEN,@CIN,29.5,TEN by 5.5,6%,13%,4%,0.0,0.0,0.0,0.0,0.0,22.7,24.8,22.1,5.8,4.9,3.3,3.0,2.0,0.2,5.0,37,29.5,23.2,23.2,9.5,37.0,25.6,3.2,0.0,0.0
Russell Wilson,,,QB,7800,SEA,SF,28.3,SEA by 2.5,-17%,-10%,-8%,38.7,36.5,36.5,5.8,8.6,5.0,4.8,5.2,0.0,8.2,0.0,0.0,0.0,0.0,0.0,65,28.8,32.6,32.6,26.5,38.6,26.3,3.4,0.0,0.0
Aaron Rodgers,,,QB,7600,GB,MIN,29.0,GB by 6.5,16%,7%,8%,34.0,34.7,36.3,5.8,8.0,1.0,1.3,2.1,0.2,5.6,0.0,0.2,0.0,0.0,-6.0,61,21.9,23.9,23.9,13.5,34.2,22.4,2.9,0.0,0.0
Dalvin Cook,,Q,RB,7500,MIN,@GB,22.5,GB by 6.5,-2%,-7%,28%,0.0,0.0,0.0,0.0,0.0,22.0,18.4,17.1,3.4,5.3,4.0,3.2,3.8,0.0,4.0,33,27.1,24.1,24.1,17.7,30.4,19.6,2.6,0.0,0.0
DK Metcalf,,,WR,7500,SEA,SF,28.3,SEA by 2.5,-17%,-10%,-12%,0.0,0.0,0.0,0.0,0.0,0.0,0.0,0.3,0.0,0.0,7.3,7.3,8.4,0.8,11.8,14,16.4,18.5,18.5,10.7,26.3,17.9,2.4,0.0,0.0
Lamar Jackson,,,QB,7400,BAL,PIT,25.3,BAL by 4,-12%,-42%,-24%,28.3,27.0,28.5,3.7,7.0,6.0,8.3,8.3,1.7,6.9,0.0,0.0,0.0,0.0,0.0,60,23.9,22.0,22.0,14.9,29.1,23.4,3.2,0.0,0.0
Calvin Ridley,,Q,WR,7400,ATL,@CAR,25.0,CAR by 2,-8%,5%,-10%,0.0,0.0,0.0,0.0,0.0,0.3,0.4,0.4,0.1,4.7,8.0,9.1,8.9,1.7,9.6,14,21.1,21.8,21.8,9.9,33.8,18.3,2.5,0.0,0.0
Ezekiel Elliott,,,RB,7400,DAL,@PHI,17.5,PHI by 8,-11%,10%,-9%,0.0,0.0,0.0,0.0,0.0,14.3,16.1,18.0,3.3,4.1,5.0,6.6,4.3,0.6,4.6,36,14.5,19.1,19.1,11.9,26.3,17.3,2.3,0.0,0.0
Aaron Jones,,O,RB,7300,GB,MIN,29.0,GB by 6.5,16%,7%,-6%,0.0,0.0,0.0,0.0,0.0,13.7,15.0,0.0,3.2,5.2,4.7,5.6,0.0,1.8,5.8,0,17.3,23.6,23.6,9.3,37.9,0.0,0.0,0.0,0.0
Michael Thomas,,O,WR,7300,NO,@CHI,23.8,NO by 4,-10%,1%,-16%,0.0,0.0,0.0,0.0,0.0,0.0,0.0,0.0,0.0,0.0,5.0,5.0,0.0,2.0,3.4,0,4.7,4.7,4.7,4.7,4.7,0.0,0.0,0.0,0.0
Adam Thielen,,,WR,7200,MIN,@GB,22.5,GB by 6.5,-2%,-7%,-15%,0.0,0.0,0.0,0.0,0.0,0.7,0.5,0.3,0.2,5.0,9.3,8.2,9.2,1.3,8.5,15,24.2,20.8,20.8,9.4,32.2,17.5,2.4,0.0,0.0
Tyler Lockett,,,WR,7100,SEA,SF,28.3,SEA by 2.5,-17%,-10%,-12%,0.0,0.0,0.0,0.0,0.0,0.0,0.0,0.2,0.0,0.0,9.7,9.7,8.4,1.3,9.3,13,23.4,24.5,24.5,5.0,44.1,19.0,2.7,0.0,0.0
Josh Allen,,,QB,7000,BUF,NE,23.3,BUF by 4,-7%,12%,-29%,34.7,36.3,33.1,6.7,8.1,7.3,7.3,6.6,1.7,4.2,0.0,0.0,0.0,0.0,0.0,64,20.6,28.1,28.1,19.3,37.0,21.3,3.0,0.0,0.0
George Kittle,,,TE,7000,SF,@SEA,25.8,SEA by 2.5,50%,-6%,-36%,0.0,0.0,0.0,0.0,0.0,0.0,0.4,0.1,0.2,8.5,8.3,9.0,8.9,0.6,9.7,14,15.3,19.6,19.6,4.5,34.8,17.5,2.5,0.0,0.0
Allen Robinson II,,,WR,7000,CHI,NO,19.8,NO by 4,-3%,-24%,-10%,0.0,0.0,0.0,0.0,0.0,0.0,0.1,0.1,0.0,-1.0,9.7,10.0,8.9,0.9,7.8,15,13.4,16.6,16.6,7.4,25.8,16.2,2.3,0.0,0.0
Julio Jones,,,WR,7000,ATL,@CAR,25.0,CAR by 2,-8%,5%,-10%,0.0,0.0,0.0,0.0,0.0,0.0,0.0,0.1,0.0,0.0,7.7,7.8,9.6,1.2,11.5,15,20.5,18.7,18.7,5.1,32.4,19.1,2.7,0.0,0.0
Justin Herbert,,,QB,6900,LAC,@DEN,24.0,LAC by 3.5,-7%,-8%,-5%,34.0,36.8,35.8,4.0,8.4,6.0,5.0,4.4,1.2,4.8,0.0,0.0,0.0,0.0,0.0,63,30.9,27.8,27.8,19.5,36.0,21.6,3.1,0.0,0.0
A.J. Brown,,,WR,6900,TEN,@CIN,29.5,TEN by 5.5,6%,13%,4%,0.0,0.0,0.0,0.0,0.0,0.0,0.0,0.7,0.0,0.0,7.7,7.7,7.8,1.3,10.8,13,20.6,20.6,20.6,9.8,31.4,16.8,2.4,0.0,0.0
Kareem Hunt,,,RB,6900,CLE,LV,27.0,CLE by 2.5,15%,1%,21%,0.0,0.0,0.0,0.0,0.0,17.0,14.4,20.1,3.3,4.6,3.7,3.1,3.9,0.9,4.8,37,15.1,16.4,16.4,11.0,21.8,22.0,3.2,0.0,0.0
Ryan Tannehill,,,QB,6800,TEN,@CIN,29.5,TEN by 5.5,6%,13%,10%,36.0,35.0,34.7,4.8,8.0,2.0,2.6,3.4,0.2,3.1,0.3,0.2,0.0,0.0,0.0,59,22.5,22.7,22.7,15.5,30.0,21.9,3.2,0.0,0.0
Stefon Diggs,,,WR,6800,BUF,NE,23.3,BUF by 4,-7%,12%,-14%,0.0,0.0,0.0,0.0,0.0,0.0,0.0,0.5,0.0,0.0,8.7,9.0,9.2,1.0,9.2,16,16.0,18.6,18.6,11.2,26.0,17.6,2.6,0.0,0.0
Tyreek Hill,,,WR,6700,KC,NYJ,34.3,KC by 19.5,5%,6%,4%,0.0,0.0,0.0,0.0,0.0,1.3,1.0,1.2,0.1,7.7,6.3,6.9,7.9,1.1,9.1,13,13.8,16.6,16.6,11.2,22.0,18.4,2.7,0.0,0.0
Tom Brady,,,QB,6700,TB,@NYG,28.3,TB by 10.5,2%,-11%,2%,37.7,38.3,37.5,6.6,7.1,1.3,2.3,1.3,0.6,0.4,0.0,0.0,0.0,0.0,0.0,58,22.9,23.2,23.2,11.9,34.5,21.1,3.1,0.0,0.0
Mike Davis,,,RB,6700,CAR,ATL,27.0,CAR by 2,35%,-22%,8%,0.0,0.0,0.0,0.0,0.0,13.7,10.1,16.5,2.4,4.0,6.0,5.9,6.0,1.3,5.7,36,17.0,16.0,16.0,5.9,26.0,20.3,3.0,0.0,0.0
Ben Roethlisberger,,,QB,6600,PIT,@BAL,21.3,BAL by 4,-6%,-8%,-3%,35.0,35.7,38.5,5.0,6.8,2.0,2.8,1.1,0.8,0.4,0.0,0.0,0.0,0.0,0.0,59,16.0,18.6,18.6,14.1,23.0,18.9,2.9,0.0,0.0
Kenny Golladay,,,WR,6600,DET,IND,23.5,IND by 3,-19%,-25%,-12%,0.0,0.0,0.0,0.0,0.0,0.0,0.0,0.0,0.0,0.0,7.0,7.0,7.5,1.3,12.1,12,18.0,17.9,17.9,16.2,19.7,15.7,2.4,0.0,0.0
Travis Kelce,,,TE,6600,KC,NYJ,34.3,KC by 19.5,5%,6%,8%,0.0,0.0,0.0,0.0,0.0,0.0,0.0,0.0,0.0,0.0,7.3,7.9,8.0,1.6,9.1,11,18.8,17.4,17.4,9.6,25.3,17.4,2.6,0.0,0.0
Tyler Boyd,,,WR,6600,CIN,TEN,24.0,TEN by 5.5,10%,16%,-9%,0.3,0.1,0.0,0.0,16.0,0.3,0.3,0.4,0.1,14.5,9.0,8.7,8.9,1.3,8.5,15,17.3,17.3,17.3,8.6,26.1,16.1,2.4,0.0,0.0
Jonathan Taylor,,,RB,6600,IND,@DET,26.5,IND by 3,1%,12%,12%,0.0,0.0,0.0,0.0,0.0,13.7,14.8,17.0,3.0,4.1,2.7,2.8,2.6,0.5,9.5,32,13.3,15.0,15.0,10.7,19.2,17.1,2.6,0.0,0.0
Robby Anderson,,,WR,6600,CAR,ATL,27.0,CAR by 2,35%,-22%,30%,0.0,0.0,0.0,0.0,0.0,0.3,0.1,0.1,0.0,3.0,8.7,8.7,8.8,0.9,10.5,14,15.9,18.1,18.1,11.4,24.7,16.8,2.5,0.0,0.0
Jared Goff,,,QB,6500,LAR,@MIA,24.8,LAR by 3.5,-4%,5%,-16%,33.7,31.9,34.8,4.3,8.0,2.7,3.4,3.2,0.4,1.7,0.0,0.0,0.0,0.0,0.0,59,20.4,19.9,19.9,12.0,27.9,19.6,3.0,0.0,0.0
Justin Jefferson,,,WR,6500,MIN,@GB,22.5,GB by 6.5,-2%,-7%,-15%,0.0,0.0,0.0,0.0,0.0,0.0,0.0,0.0,0.0,0.0,7.0,6.0,7.5,0.5,14.9,12,21.7,18.4,18.4,2.3,34.6,15.6,2.4,0.0,0.0
Clyde Edwards-Helaire,,,RB,6500,KC,NYJ,34.3,KC by 19.5,5%,6%,23%,0.0,0.0,0.0,0.0,0.0,14.7,16.4,12.8,3.1,4.8,5.3,5.0,3.6,0.6,5.5,23,16.1,16.4,16.4,11.0,21.7,15.8,2.4,0.0,0.0
Cooper Kupp,,,WR,6500,LAR,@MIA,24.8,LAR by 3.5,-4%,5%,-12%,0.0,0.0,0.0,0.0,0.0,0.3,0.6,0.2,0.0,8.3,7.7,7.3,7.9,0.7,8.2,13,9.2,13.7,13.7,5.8,21.6,15.5,2.4,0.0,0.0
Amari Cooper,,,WR,6500,DAL,@PHI,17.5,PHI by 8,-11%,10%,11%,0.0,0.0,0.0,0.0,0.0,0.7,0.3,0.1,0.0,1.5,7.0,10.3,7.5,1.1,8.1,12,13.5,18.8,18.8,9.3,28.3,13.5,2.1,0.0,0.0
Todd Gurley II,,,RB,6500,ATL,@CAR,25.0,CAR by 2,-8%,5%,43%,0.0,0.0,0.0,0.0,0.0,19.0,17.4,17.5,4.7,4.0,4.0,2.9,3.4,0.0,3.9,32,20.0,16.3,16.3,8.8,23.8,18.2,2.8,0.0,0.0
Matthew Stafford,,,QB,6400,DET,IND,23.5,IND by 3,-19%,-25%,-39%,32.7,34.0,35.6,6.2,7.7,3.0,2.7,2.1,0.5,4.2,0.0,0.0,0.0,0.0,0.0,59,19.4,18.5,18.5,15.0,22.0,19.7,3.1,0.0,0.0
James Conner,,,RB,6400,PIT,@BAL,21.3,BAL by 4,-6%,-8%,-23%,0.0,0.0,0.0,0.0,0.0,18.3,15.8,15.3,3.5,4.7,3.0,3.3,2.9,0.7,5.6,27,16.5,17.4,17.4,9.0,25.8,14.9,2.3,0.0,0.0
Raheem Mostert,,O,RB,6400,SF,@SEA,25.8,SEA by 2.5,50%,-6%,-15%,0.0,0.0,0.0,0.0,0.0,12.0,12.8,0.0,1.3,5.9,2.3,3.0,0.0,0.0,12.5,0,14.4,17.1,17.1,10.6,23.6,0.0,0.0,0.0,0.0
Nick Chubb,,O,RB,6400,CLE,LV,27.0,CLE by 2.5,15%,1%,21%,0.0,0.0,0.0,0.0,0.0,15.7,14.3,0.0,2.8,5.9,0.7,0.8,0.0,0.0,5.7,0,20.2,16.8,16.8,3.6,30.0,0.0,0.0,0.0,0.0
Teddy Bridgewater,,,QB,6400,CAR,ATL,27.0,CAR by 2,35%,-22%,60%,31.3,33.6,37.5,4.3,8.2,4.3,3.6,4.3,1.6,5.2,0.0,0.0,0.0,0.0,0.0,67,18.1,18.6,18.6,13.1,24.2,21.0,3.3,0.0,0.0
Chris Godwin,,O,WR,6400,TB,@NYG,28.3,TB by 10.5,2%,-11%,13%,0.0,0.0,0.0,0.0,0.0,0.0,0.0,0.0,0.0,0.0,7.3,7.3,0.0,1.3,9.6,0,17.0,16.2,16.2,10.3,22.2,0.0,0.0,0.0,0.0
Drew Brees,,,QB,6300,NO,@CHI,23.8,NO by 4,-10%,1%,-31%,36.0,35.3,33.6,6.0,7.6,2.3,1.5,1.4,0.5,0.0,0.0,0.0,0.0,0.0,0.0,55,22.1,20.5,20.5,15.9,25.0,18.4,2.9,0.0,0.0
Joe Mixon,,O,RB,6300,CIN,TEN,24.0,TEN by 5.5,10%,16%,-19%,0.0,0.0,0.0,0.0,0.0,22.3,19.8,0.0,3.0,3.6,5.7,4.3,0.0,0.5,5.3,0,25.1,17.3,17.3,3.2,31.3,0.0,0.0,0.0,0.0
Robert Woods,,,WR,6300,LAR,@MIA,24.8,LAR by 3.5,-4%,5%,-12%,0.0,0.0,0.0,0.0,0.0,2.0,2.0,1.3,0.3,7.1,6.7,6.6,7.6,0.7,7.6,14,12.5,14.4,14.4,8.7,20.1,15.6,2.5,0.0,0.0
Matt Ryan,,,QB,6300,ATL,@CAR,25.0,CAR by 2,-8%,5%,-12%,39.7,40.9,38.7,5.3,7.6,1.7,1.9,1.3,0.4,2.4,0.0,0.0,0.0,0.0,0.0,61,21.4,20.8,20.8,10.7,30.8,20.0,3.2,0.0,0.0
Miles Sanders,,O,RB,6300,PHI,DAL,25.5,PHI by 8,-7%,51%,17%,0.0,0.0,0.0,0.0,0.0,11.0,14.2,0.0,2.0,6.1,3.3,5.0,0.0,0.2,3.6,0,16.2,16.9,16.9,11.3,22.5,0.0,0.0,0.0,0.0
Joe Burrow,,,QB,6200,CIN,TEN,24.0,TEN by 5.5,10%,16%,-16%,38.7,41.9,37.9,5.9,6.9,4.0,4.6,3.9,1.1,3.8,0.0,0.0,0.0,0.0,0.0,66,21.9,22.0,22.0,12.0,32.0,21.1,3.4,0.0,0.0
Keenan Allen,,,WR,6200,LAC,@DEN,24.0,LAC by 3.5,-7%,-8%,-7%,0.0,0.0,0.0,0.0,0.0,0.0,0.0,0.2,0.0,0.0,9.0,10.7,10.7,1.0,7.5,17,16.9,18.2,18.2,8.3,28.1,19.0,3.1,0.0,0.0
Chris Carson,,Q,RB,6200,SEA,SF,28.3,SEA by 2.5,-17%,-10%,-28%,0.0,0.0,0.0,0.0,0.0,9.7,11.0,10.3,1.8,4.9,4.3,4.2,2.4,1.0,5.9,20,16.7,17.5,17.5,9.5,25.5,12.0,1.9,0.0,0.0
Josh Jacobs,,,RB,6200,LV,@CLE,24.5,CLE by 2.5,17%,-22%,4%,0.0,0.0,0.0,0.0,0.0,16.0,19.3,17.1,3.7,3.4,3.7,4.0,4.0,0.2,5.1,34,13.0,16.4,16.4,5.4,27.4,17.1,2.8,0.0,0.0
Carson Wentz,,,QB,6200,PHI,DAL,25.5,PHI by 8,-7%,51%,11%,39.3,39.7,36.1,5.4,6.3,5.3,5.0,3.8,1.6,5.3,0.0,0.0,0.0,0.0,0.0,62,27.2,22.6,22.6,15.9,29.2,20.9,3.4,0.0,0.0
DJ Moore,,,WR,6200,CAR,ATL,27.0,CAR by 2,35%,-22%,30%,0.0,0.0,0.0,0.0,0.0,0.0,0.0,0.8,0.0,0.0,7.0,7.6,8.4,0.4,10.7,15,19.6,15.5,15.5,8.5,22.6,16.4,2.6,0.0,0.0
Baker Mayfield,,,QB,6100,CLE,LV,27.0,CLE by 2.5,15%,1%,11%,27.7,28.3,35.3,3.6,7.0,1.3,1.9,1.2,0.1,2.8,0.0,0.0,0.0,0.0,0.0,57,18.5,16.0,16.0,8.7,23.4,18.7,3.1,0.0,0.0
Marquise Brown,,,WR,6100,BAL,PIT,25.3,BAL by 4,-12%,-42%,1%,0.0,0.0,0.0,0.0,0.0,0.3,0.2,0.3,0.0,1.0,8.0,7.0,5.9,0.2,9.0,10,14.0,12.1,12.1,6.0,18.2,14.2,2.3,0.0,0.0
Jamaal Williams,,,RB,6100,GB,MIN,29.0,GB by 6.5,16%,7%,-6%,0.0,0.0,0.0,0.0,0.0,10.3,8.7,17.3,1.8,4.2,4.7,3.2,4.7,0.2,8.2,35,14.4,10.4,10.4,2.6,18.2,19.0,3.1,0.0,0.0
Kirk Cousins,,,QB,6000,MIN,@GB,22.5,GB by 6.5,-2%,-7%,-12%,32.3,29.2,34.1,3.5,8.4,1.7,1.8,1.3,0.2,5.0,0.0,0.0,0.0,0.0,0.0,56,20.3,17.8,17.8,8.2,27.3,18.2,3.0,0.0,0.0
Jeff Wilson Jr.,,O,RB,6000,SF,@SEA,25.8,SEA by 2.5,50%,-6%,-15%,0.0,0.0,0.0,0.0,0.0,8.0,6.3,0.0,1.8,4.3,1.3,1.2,0.0,0.3,10.7,0,13.5,10.5,10.5,-4.1,25.0,0.0,0.0,0.0,0.0
Deebo Samuel,,O,WR,6000,SF,@SEA,25.8,SEA by 2.5,50%,-6%,54%,0.0,0.0,0.0,0.0,0.0,1.7,1.5,0.0,0.5,2.3,6.3,5.5,0.0,0.5,8.4,0,11.5,10.5,10.5,4.5,16.5,0.0,0.0,0.0,0.0
Alexander Mattison,,,RB,6000,MIN,@GB,22.5,GB by 6.5,-2%,-7%,28%,0.0,0.0,0.0,0.0,0.0,12.3,9.0,6.9,2.3,4.5,1.7,1.8,1.5,0.0,5.5,13,10.4,8.1,8.1,1.4,14.8,6.4,1.1,0.0,0.0
Boston Scott,,,RB,6000,PHI,DAL,25.5,PHI by 8,-7%,51%,17%,0.0,0.0,0.0,0.0,0.0,5.0,4.7,14.0,1.0,3.4,3.0,2.1,4.2,0.6,6.3,28,7.1,5.2,5.2,-1.3,11.8,16.6,2.8,0.0,0.0
Philip Rivers,,,QB,5900,IND,@DET,26.5,IND by 3,1%,12%,-5%,35.3,33.0,35.4,5.5,8.1,1.7,1.7,0.3,0.5,0.0,0.0,0.0,0.0,0.0,0.0,57,15.9,15.3,15.3,7.6,23.0,18.1,3.1,0.0,0.0
David Montgomery,,,RB,5900,CHI,NO,19.8,NO by 4,-3%,-24%,-23%,0.0,0.0,0.0,0.0,0.0,14.3,13.7,16.0,1.9,3.7,6.0,4.7,3.8,0.7,5.6,33,14.8,13.2,13.2,7.9,18.6,13.6,2.3,0.0,0.0
Darrell Henderson Jr.,,,RB,5900,LAR,@MIA,24.8,LAR by 3.5,-4%,5%,6%,0.0,0.0,0.0,0.0,0.0,14.7,12.4,13.6,3.7,4.7,2.0,1.9,1.4,0.6,8.1,23,13.4,12.5,12.5,3.8,21.3,13.4,2.3,0.0,0.0
Odell Beckham Jr.,,O,WR,5900,CLE,LV,27.0,CLE by 2.5,15%,1%,-1%,0.3,0.1,0.0,0.0,18.0,0.3,0.4,0.0,0.0,24.0,4.7,6.3,0.0,0.9,7.3,0,5.3,12.4,12.4,-0.4,25.2,0.0,0.0,0.0,0.0
Travis Fulgham,,,WR,5900,PHI,DAL,25.5,PHI by 8,-7%,51%,22%,0.0,0.0,0.0,0.0,0.0,0.0,0.0,0.0,0.0,0.0,11.3,9.3,8.0,1.8,9.6,12,22.0,19.9,19.9,9.9,29.9,15.0,2.5,0.0,0.0
Jamison Crowder,,D,WR,5800,NYJ,@KC,14.8,KC by 19.5,-14%,27%,-16%,0.0,0.0,0.0,0.0,0.0,0.0,0.0,0.0,0.0,0.0,11.0,11.5,0.5,0.8,8.3,1,20.3,22.1,22.1,14.3,29.8,0.9,0.2,0.0,0.0
Nick Foles,,,QB,5800,CHI,NO,19.8,NO by 4,-3%,-24%,3%,40.3,38.4,35.4,4.8,5.9,2.0,2.2,2.7,0.4,-0.1,0.0,0.0,0.0,0.0,0.0,63,12.8,13.9,13.9,9.9,17.9,17.4,3.0,0.0,0.0
Brandon Aiyuk,,,WR,5800,SF,@SEA,25.8,SEA by 2.5,50%,-6%,54%,0.0,0.0,0.0,0.0,0.0,0.0,0.7,1.0,0.2,17.3,5.3,5.3,6.8,1.0,8.8,12,12.4,12.7,12.7,5.6,19.7,14.0,2.4,0.0,0.0
Mark Andrews,,,TE,5800,BAL,PIT,25.3,BAL by 4,-12%,-42%,-36%,0.0,0.0,0.0,0.0,0.0,0.0,0.0,0.0,0.0,0.0,5.3,5.5,6.4,1.3,7.4,10,14.1,12.4,12.4,3.5,21.3,12.9,2.2,0.0,0.0
Giovani Bernard,,,RB,5800,CIN,TEN,24.0,TEN by 5.5,10%,16%,-19%,0.0,0.0,0.0,0.0,0.0,7.0,3.6,14.5,1.0,3.2,3.3,3.6,5.4,0.7,7.0,31,11.3,8.4,8.4,1.8,14.9,17.1,2.9,0.0,0.0
Cam Newton,,,QB,5700,NE,@BUF,19.3,BUF by 4,-3%,6%,-12%,22.7,26.2,29.7,3.4,7.4,8.0,10.0,7.5,3.0,4.9,0.3,0.2,0.0,0.0,16.0,56,11.8,20.0,20.0,6.4,33.5,18.5,3.2,0.0,0.0
DeVante Parker,,,WR,5700,MIA,LAR,21.3,LAR by 3.5,-14%,-15%,-20%,0.0,0.0,0.0,0.0,0.0,0.0,0.0,0.0,0.0,0.0,7.7,6.7,7.4,0.2,9.1,11,14.5,13.4,13.4,7.2,19.6,13.4,2.4,0.0,0.0
Jerick McKinnon,,,RB,5700,SF,@SEA,25.8,SEA by 2.5,50%,-6%,-15%,0.0,0.0,0.0,0.0,0.0,3.3,6.3,4.5,1.6,4.8,2.3,3.6,3.2,0.4,4.7,12,2.4,10.5,10.5,2.2,18.8,7.4,1.3,0.0,0.0
Ronald Jones II,,,RB,5700,TB,@NYG,28.3,TB by 10.5,2%,-11%,13%,0.0,0.0,0.0,0.0,0.0,17.7,15.7,14.9,2.7,4.6,3.0,3.9,3.5,0.6,3.2,27,19.4,15.7,15.7,8.1,23.3,13.5,2.4,0.0,0.0
Mike Evans,,,WR,5700,TB,@NYG,28.3,TB by 10.5,2%,-11%,13%,0.0,0.0,0.0,0.0,0.0,0.0,0.0,0.0,0.0,0.0,4.3,5.6,7.6,0.9,8.2,11,7.6,14.1,14.1,4.0,24.2,16.0,2.8,0.0,0.0
Ryan Fitzpatrick,,,QB,5600,MIA,LAR,21.3,LAR by 3.5,-14%,-15%,-9%,33.3,32.8,0.4,4.5,7.8,3.3,4.2,0.1,1.3,5.4,0.0,0.2,0.0,0.0,0.0,1,25.0,22.7,22.7,14.6,30.7,0.2,0.0,0.0,0.0
Melvin Gordon III,,,RB,5600,DEN,LAC,20.5,LAC by 3.5,3%,-4%,-6%,0.0,0.0,0.0,0.0,0.0,16.0,16.4,13.7,2.0,4.3,4.3,3.8,3.3,0.4,3.0,27,16.9,16.7,16.7,9.1,24.4,13.6,2.4,0.0,0.0
Darren Waller,,,TE,5600,LV,@CLE,24.5,CLE by 2.5,17%,-22%,28%,0.0,0.0,0.0,0.0,0.0,0.0,0.0,0.0,0.0,0.0,9.3,9.3,8.5,1.7,6.1,14,16.5,15.7,15.7,6.4,25.1,15.1,2.7,0.0,0.0
Tee Higgins,,,WR,5600,CIN,TEN,24.0,TEN by 5.5,10%,16%,-9%,0.0,0.0,0.0,0.0,0.0,0.7,0.4,0.1,0.0,7.3,7.0,6.1,7.2,0.9,9.5,12,16.9,13.0,13.0,4.9,21.1,13.6,2.4,0.0,0.0
Jarvis Landry,,,WR,5600,CLE,LV,27.0,CLE by 2.5,15%,1%,-1%,0.3,0.3,0.0,0.0,28.0,0.7,0.3,0.3,0.1,2.0,6.7,5.6,8.3,0.3,9.4,13,10.3,10.3,10.3,7.2,13.4,14.1,2.5,0.0,0.0
Tua Tagovailoa,,,QB,5600,MIA,LAR,21.3,LAR by 3.5,-14%,-15%,-9%,2.0,2.0,34.7,0.0,4.5,0.0,0.0,3.6,0.0,0.0,0.0,0.0,0.0,0.0,0.0,57,0.4,0.4,0.4,0.4,0.4,16.7,3.0,0.0,0.0
CeeDee Lamb,,,WR,5600,DAL,@PHI,17.5,PHI by 8,-11%,10%,11%,0.0,0.0,0.0,0.0,0.0,0.3,0.6,0.1,0.0,3.5,8.7,7.7,6.3,0.7,9.2,10,12.3,15.0,15.0,6.3,23.7,11.2,2.0,0.0,0.0
Derek Carr,,,QB,5500,LV,@CLE,24.5,CLE by 2.5,17%,-22%,25%,37.0,35.2,36.6,5.3,8.2,3.3,2.5,1.6,0.8,3.5,0.0,0.0,0.0,0.0,0.0,61,24.2,21.0,21.0,15.9,26.2,19.8,3.6,0.0,0.0
Diontae Johnson,,,WR,5500,PIT,@BAL,21.3,BAL by 4,-6%,-8%,-17%,0.0,0.0,0.0,0.0,0.0,0.3,0.2,0.5,0.2,9.0,6.0,8.2,7.4,1.0,5.5,12,10.2,12.9,12.9,0.1,25.8,13.7,2.5,0.0,0.0
Austin Ekeler,,O,RB,5400,LAC,@DEN,24.0,LAC by 3.5,-7%,-8%,-30%,0.0,0.0,0.0,0.0,0.0,10.0,12.3,0.0,1.3,5.1,5.3,4.3,0.0,0.5,8.5,0,17.5,15.6,15.6,3.1,28.0,0.0,0.0,0.0,0.0
JuJu Smith-Schuster,,,WR,5400,PIT,@BAL,21.3,BAL by 4,-6%,-8%,-17%,0.0,0.0,0.0,0.0,0.0,0.0,0.0,0.0,0.0,0.0,7.7,7.0,7.2,1.0,6.6,11,9.0,13.3,13.3,5.3,21.3,13.3,2.5,0.0,0.0
Jimmy Garoppolo,,,QB,5400,SF,@SEA,25.8,SEA by 2.5,50%,-6%,36%,25.0,24.8,36.0,3.6,8.2,1.7,1.2,1.6,0.0,3.5,0.0,0.0,0.0,0.0,0.0,59,11.4,13.3,13.3,4.6,22.0,19.6,3.6,0.0,0.0
Andy Dalton,,O,QB,5400,DAL,@PHI,17.5,PHI by 8,-11%,10%,11%,28.0,21.3,0.0,3.0,5.3,2.0,1.5,0.0,0.3,3.3,0.0,0.0,0.0,0.0,0.0,0,6.7,5.0,5.0,-0.6,10.6,0.0,0.0,0.0,0.0
Cole Beasley,,,WR,5300,BUF,NE,23.3,BUF by 4,-7%,12%,-14%,0.0,0.0,0.0,0.0,0.0,0.0,0.0,0.0,0.0,0.0,7.7,7.2,6.7,1.2,9.7,11,17.3,15.5,15.5,9.7,21.2,12.1,2.3,0.0,0.0
D'Andre Swift,,,RB,5300,DET,IND,23.5,IND by 3,-19%,-25%,-28%,0.0,0.0,0.0,0.0,0.0,9.0,5.8,10.2,1.5,5.3,4.3,4.2,4.6,0.7,6.1,23,20.1,14.4,14.4,5.5,23.4,14.5,2.7,0.0,0.0
T.J. Hockenson,,,TE,5300,DET,IND,23.5,IND by 3,-19%,-25%,-64%,0.0,0.0,0.0,0.0,0.0,0.0,0.0,0.0,0.0,0.0,5.0,5.2,6.2,1.7,8.3,10,12.5,12.3,12.3,8.8,15.8,10.7,2.0,0.0,0.0
Carlos Hyde,,D,RB,5300,SEA,SF,28.3,SEA by 2.5,-17%,-10%,-28%,0.0,0.0,0.0,0.0,0.0,8.0,7.8,1.1,0.5,4.0,2.3,1.8,0.0,0.0,4.9,2,8.5,8.5,8.5,2.7,14.3,0.7,0.1,0.0,0.0
Drew Lock,,,QB,5300,DEN,LAC,20.5,LAC by 3.5,3%,-4%,11%,23.0,25.5,33.3,2.8,6.7,2.7,2.8,1.9,0.8,1.1,0.0,0.0,0.0,0.0,0.0,57,6.7,8.3,8.3,1.3,15.4,15.6,2.9,0.0,0.0
Jarrett Stidham,,,QB,5300,NE,@BUF,19.3,BUF by 4,-3%,6%,-12%,11.5,11.5,0.4,1.0,5.4,2.0,2.0,0.1,0.0,1.5,0.0,0.0,0.0,0.0,0.0,1,3.3,3.3,3.3,1.3,5.3,0.3,0.1,0.0,0.0
Mitchell Trubisky,,,QB,5200,CHI,NO,19.8,NO by 4,-3%,-24%,3%,28.7,28.7,0.3,5.3,6.5,2.7,2.7,0.1,1.0,10.9,0.0,0.0,0.0,0.0,0.0,1,17.4,17.4,17.4,11.2,23.5,0.2,0.0,0.0,0.0
Chase Claypool,,,WR,5200,PIT,@BAL,21.3,BAL by 4,-6%,-8%,-17%,0.0,0.0,0.0,0.0,0.0,1.7,1.0,1.0,0.3,3.5,5.3,4.2,5.0,0.3,13.3,9,21.5,15.4,15.4,-1.1,31.9,10.6,2.0,0.0,0.0
Myles Gaskin,,,RB,5200,MIA,LAR,21.3,LAR by 3.5,-14%,-15%,-6%,0.0,0.0,0.0,0.0,0.0,14.7,13.7,14.6,3.7,4.1,4.3,4.8,4.7,0.8,6.3,29,15.3,14.2,14.2,10.2,18.2,14.9,2.9,0.0,0.0
Daniel Jones,,,QB,5200,NYG,TB,17.8,TB by 10.5,-9%,-44%,-19%,27.3,33.0,31.8,5.7,6.1,4.3,4.4,5.1,0.3,9.5,0.0,0.0,0.0,0.0,0.0,66,15.6,13.9,13.9,8.5,19.2,17.1,3.3,0.0,0.0
Corey Davis,,,WR,5100,TEN,@CIN,29.5,TEN by 5.5,6%,13%,4%,0.0,0.0,0.0,0.0,0.0,0.0,0.0,0.0,0.0,0.0,7.0,7.3,6.7,0.8,8.3,10,13.3,15.0,15.0,11.3,18.8,12.4,2.4,0.0,0.0
Devin Singletary,,,RB,5100,BUF,NE,23.3,BUF by 4,-7%,12%,-5%,0.0,0.0,0.0,0.0,0.0,12.0,11.3,10.2,2.0,4.0,4.3,4.7,3.1,0.7,5.2,21,10.3,11.1,11.1,5.9,16.3,10.9,2.1,0.0,0.0
Phillip Lindsay,,Q,RB,5000,DEN,LAC,20.5,LAC by 3.5,3%,-4%,-6%,0.0,0.0,0.0,0.0,0.0,13.0,13.0,9.7,1.3,5.2,0.3,0.3,2.2,0.3,11.0,19,8.5,8.5,8.5,4.2,12.8,7.7,1.5,0.0,0.0
Brett Rypien,,,QB,5000,DEN,LAC,20.5,LAC by 3.5,3%,-4%,11%,13.3,13.3,0.4,2.3,7.4,1.7,1.7,0.1,0.3,-1.0,0.0,0.0,0.0,0.0,0.0,1,5.1,5.1,5.1,-2.8,13.0,0.3,0.1,0.0,0.0
C.J. Beathard,,,QB,5000,SF,@SEA,25.8,SEA by 2.5,50%,-6%,36%,18.5,18.5,0.4,2.5,6.3,0.0,0.0,0.0,0.0,0.0,0.0,0.0,0.0,0.0,0.0,1,6.1,6.1,6.1,5.3,7.0,0.0,0.0,0.0,0.0
JaMycal Hasty,,,RB,5000,SF,@SEA,25.8,SEA by 2.5,50%,-6%,-15%,0.0,0.0,0.0,0.0,0.0,6.0,4.0,12.1,0.0,5.2,0.7,0.6,1.4,0.0,8.3,21,4.0,3.0,3.0,-0.5,6.4,10.2,2.0,0.0,0.0
Jameis Winston,,,QB,5000,NO,@CHI,23.8,NO by 4,-10%,1%,-31%,0.0,0.0,0.3,0.0,0.0,0.0,0.0,0.1,0.0,0.0,0.0,0.0,0.0,0.0,0.0,1,0.0,0.0,0.0,0.0,0.0,0.1,0.0,0.0,0.0
Emmanuel Sanders,,O,WR,4900,NO,@CHI,23.8,NO by 4,-10%,1%,-16%,0.0,0.0,0.0,0.0,0.0,0.0,0.0,0.0,0.0,0.0,9.3,7.2,0.0,1.6,8.4,0,19.4,14.3,14.3,5.4,23.2,0.0,0.0,0.0,0.0
Mike Gesicki,,,TE,4900,MIA,LAR,21.3,LAR by 3.5,-14%,-15%,24%,0.0,0.0,0.0,0.0,0.0,0.0,0.0,0.0,0.0,0.0,3.7,5.0,5.4,1.3,9.4,8,5.5,10.2,10.2,-0.7,21.1,9.0,1.8,0.0,0.0
Henry Ruggs III,,,WR,4900,LV,@CLE,24.5,CLE by 2.5,17%,-22%,40%,0.0,0.0,0.0,0.0,0.0,0.3,0.8,0.5,0.0,7.0,3.0,3.5,5.3,0.0,15.1,9,10.2,10.1,10.1,0.9,19.2,10.0,2.0,0.0,0.0
Joshua Kelley,,,RB,4900,LAC,@DEN,24.0,LAC by 3.5,-7%,-8%,-30%,0.0,0.0,0.0,0.0,0.0,10.7,12.5,12.8,2.5,3.1,3.0,2.3,0.6,0.2,8.4,21,6.8,8.7,8.7,5.0,12.3,10.2,2.1,0.0,0.0
T.Y. Hilton,,,WR,4900,IND,@DET,26.5,IND by 3,1%,12%,3%,0.0,0.0,0.0,0.0,0.0,0.0,0.0,0.1,0.0,0.0,6.7,6.2,5.5,0.7,6.5,9,7.0,7.4,7.4,3.7,11.0,10.6,2.2,0.0,0.0
Leonard Fournette,,,RB,4900,TB,@NYG,28.3,TB by 10.5,2%,-11%,13%,0.0,0.0,0.0,0.0,0.0,6.0,7.0,10.0,1.6,4.9,3.0,3.0,2.8,0.6,5.4,19,6.6,10.7,10.7,-2.0,23.3,11.5,2.3,0.0,0.0
Rob Gronkowski,,,TE,4900,TB,@NYG,28.3,TB by 10.5,2%,-11%,-21%,0.0,0.0,0.0,0.0,0.0,0.0,0.0,0.0,0.0,0.0,7.3,5.1,6.2,1.1,7.8,9,14.7,8.9,8.9,1.7,16.0,11.8,2.4,0.0,0.0
Will Grier,,O,QB,4900,CAR,ATL,27.0,CAR by 2,35%,-22%,60%,0.0,0.0,0.0,0.0,0.0,0.0,0.0,0.0,0.0,0.0,0.0,0.0,0.0,0.0,0.0,0,0.0,0.0,0.0,0.0,0.0,0.0,0.0,0.0,0.0
Sam Darnold,,,QB,4800,NYJ,@KC,14.8,KC by 19.5,-14%,27%,-3%,31.3,32.2,34.4,2.8,5.7,3.7,2.8,3.1,0.0,8.4,0.0,0.0,0.0,0.0,0.0,61,12.0,12.0,12.0,4.5,19.5,13.7,2.9,0.0,0.0
Sammy Watkins,,O,WR,4800,KC,NYJ,34.3,KC by 19.5,5%,6%,4%,0.0,0.0,0.0,0.0,0.0,0.0,0.2,0.0,0.0,3.0,5.7,5.8,0.0,1.2,7.7,0,10.3,10.9,10.9,3.7,18.1,0.0,0.0,0.0,0.0
Jerry Jeudy,,,WR,4800,DEN,LAC,20.5,LAC by 3.5,3%,-4%,-15%,0.0,0.0,0.0,0.0,0.0,0.0,0.0,0.1,0.0,0.0,4.3,6.2,6.1,0.5,7.7,10,7.8,8.9,8.9,5.2,12.7,10.9,2.3,0.0,0.0
Justin Jackson,,,RB,4800,LAC,@DEN,24.0,LAC by 3.5,-7%,-8%,-30%,0.0,0.0,0.0,0.0,0.0,8.7,7.0,9.5,0.0,3.4,4.7,3.5,3.0,0.3,5.6,20,9.7,7.3,7.3,1.1,13.6,10.8,2.3,0.0,0.0
Mark Ingram II,,D,RB,4800,BAL,PIT,25.3,BAL by 4,-12%,-42%,-39%,0.0,0.0,0.0,0.0,0.0,8.0,8.3,1.0,1.7,4.5,0.3,0.8,0.1,0.3,5.0,2,6.1,6.7,6.7,1.2,12.1,0.7,0.1,0.0,0.0
Darius Slayton,,,WR,4800,NYG,TB,17.8,TB by 10.5,-9%,-44%,-4%,0.0,0.0,0.0,0.0,0.0,0.3,0.1,0.0,0.1,-3.0,6.3,6.9,6.5,1.1,8.9,12,13.3,13.2,13.2,3.0,23.5,12.4,2.6,0.0,0.0
Ben DiNucci,,,QB,4800,DAL,@PHI,17.5,PHI by 8,-11%,10%,11%,1.5,1.5,33.8,0.0,13.0,0.5,0.5,3.4,0.0,0.0,0.0,0.0,0.0,0.0,0.0,60,0.8,0.8,0.8,-0.3,1.9,14.9,3.1,0.0,0.0
Tim Patrick,,Q,WR,4700,DEN,LAC,20.5,LAC by 3.5,3%,-4%,-15%,0.0,0.0,0.0,0.0,0.0,0.0,0.0,0.0,0.0,0.0,6.3,5.5,6.3,0.5,10.7,10,16.9,12.7,12.7,4.5,20.9,9.3,2.0,0.0,0.0
Noah Fant,,,TE,4700,DEN,LAC,20.5,LAC by 3.5,3%,-4%,-2%,0.0,0.0,0.0,0.0,0.0,0.0,0.0,0.0,0.0,0.0,7.7,6.8,6.5,1.0,7.6,10,8.3,12.3,12.3,6.7,18.0,10.9,2.3,0.0,0.0
Nelson Agholor,,,WR,4700,LV,@CLE,24.5,CLE by 2.5,17%,-22%,40%,0.0,0.0,0.0,0.0,0.0,0.0,0.0,0.2,0.0,0.0,5.0,3.3,4.9,0.5,14.6,8,17.9,11.9,11.9,4.0,19.7,9.6,2.0,0.0,0.0
Tre'Quan Smith,,,WR,4700,NO,@CHI,23.8,NO by 4,-10%,1%,-16%,0.0,0.0,0.0,0.0,0.0,0.0,0.0,0.0,0.0,0.0,3.7,4.2,6.5,0.7,9.9,10,11.2,9.5,9.5,2.1,16.8,11.5,2.4,0.0,0.0
Malcolm Brown,,,RB,4700,LAR,@MIA,24.8,LAR by 3.5,-4%,5%,6%,0.0,0.0,0.0,0.0,0.0,6.7,9.3,8.6,1.7,4.2,2.3,2.7,4.5,0.4,3.3,20,6.8,9.1,9.1,0.8,17.4,9.3,2.0,0.0,0.0
Mecole Hardman,,,WR,4700,KC,NYJ,34.3,KC by 19.5,5%,6%,4%,0.0,0.0,0.0,0.0,0.0,0.3,0.3,0.2,0.0,8.0,2.0,2.9,3.2,0.1,12.6,5,5.3,8.0,8.0,1.7,14.2,7.9,1.7,0.0,0.0
Zach Ertz,,O,TE,4700,PHI,DAL,25.5,PHI by 8,-7%,51%,21%,0.0,0.0,0.0,0.0,0.0,0.0,0.0,0.0,0.0,0.0,7.0,7.5,0.0,0.8,4.0,0,5.3,8.3,8.3,4.1,12.5,0.0,0.0,0.0,0.0
Alshon Jeffery,,O,WR,4700,PHI,DAL,25.5,PHI by 8,-7%,51%,22%,0.0,0.0,0.0,0.0,0.0,0.0,0.0,0.0,0.0,0.0,0.0,0.0,0.0,0.0,0.0,0,0.0,0.0,0.0,0.0,0.0,0.0,0.0,0.0,0.0
Jimmy Graham,,,TE,4600,CHI,NO,19.8,NO by 4,-3%,-24%,37%,0.0,0.0,0.0,0.0,0.0,0.0,0.0,0.0,0.0,0.0,6.3,6.0,5.6,1.7,5.6,9,9.6,10.6,10.6,4.0,17.3,9.3,2.0,0.0,0.0
J.K. Dobbins,,,RB,4600,BAL,PIT,25.3,BAL by 4,-12%,-42%,-39%,0.0,0.0,0.0,0.0,0.0,5.0,4.2,10.0,0.3,6.2,3.0,2.3,2.6,0.0,5.3,20,5.4,7.6,7.6,3.7,11.5,10.2,2.2,0.0,0.0
Le'Veon Bell,,,RB,4600,KC,NYJ,34.3,KC by 19.5,5%,6%,23%,0.0,0.0,0.0,0.0,0.0,8.3,8.3,11.1,1.3,4.5,1.0,1.0,2.3,0.0,13.0,19,6.1,6.1,6.1,4.1,8.0,11.3,2.5,0.0,0.0
Ryan Finley,,,QB,4600,CIN,TEN,24.0,TEN by 5.5,10%,16%,-16%,0.0,0.0,0.2,0.0,0.0,0.0,0.0,0.0,0.0,0.0,0.0,0.0,0.0,0.0,0.0,0,0.0,0.0,0.0,0.0,0.0,0.1,0.0,0.0,0.0
Marcus Mariota,,,QB,4600,LV,@CLE,24.5,CLE by 2.5,17%,-22%,25%,0.0,0.0,0.2,0.0,0.0,0.0,0.0,0.0,0.0,0.0,0.0,0.0,0.0,0.0,0.0,0,0.0,0.0,0.0,0.0,0.0,0.1,0.0,0.0,0.0
Sterling Shepard,,,WR,4600,NYG,TB,17.8,TB by 10.5,-9%,-44%,-4%,0.0,0.0,0.0,0.0,0.0,0.3,0.3,0.4,0.0,6.0,6.0,6.0,6.8,1.3,7.5,13,11.4,11.4,11.4,5.1,17.6,12.0,2.6,0.0,0.0
Devonta Freeman,,O,RB,4600,NYG,TB,17.8,TB by 10.5,-9%,-44%,-6%,0.0,0.0,0.0,0.0,0.0,12.7,10.8,0.0,1.2,3.2,2.0,2.0,0.0,0.6,5.8,0,8.1,7.2,7.2,0.4,14.0,0.0,0.0,0.0,0.0
Jalen Hurts,,,QB,4600,PHI,DAL,25.5,PHI by 8,-7%,51%,11%,0.3,0.2,0.5,0.0,18.0,1.3,1.5,2.0,0.2,5.7,0.3,0.2,0.0,0.0,3.0,4,1.5,1.2,1.2,-0.2,2.5,2.0,0.4,0.0,0.0
Tyler Higbee,,Q,TE,4500,LAR,@MIA,24.8,LAR by 3.5,-4%,5%,-53%,0.0,0.0,0.0,0.0,0.0,0.0,0.0,0.0,0.0,0.0,3.3,3.5,4.3,0.5,10.6,7,5.6,10.0,10.0,0.8,19.3,8.5,1.9,0.0,0.0
James White,,,RB,4500,NE,@BUF,19.3,BUF by 4,-3%,6%,-10%,0.0,0.0,0.0,0.0,0.0,2.3,3.0,3.3,0.5,4.3,6.0,5.3,4.9,0.3,6.5,12,9.8,9.4,9.4,3.3,15.6,11.1,2.5,0.0,0.0
A.J. Green,,,WR,4500,CIN,TEN,24.0,TEN by 5.5,10%,16%,-9%,0.0,0.0,0.0,0.0,0.0,0.0,0.0,0.0,0.0,0.0,8.3,8.3,7.8,0.3,5.1,12,10.9,8.4,8.4,1.8,15.0,12.8,2.8,0.0,0.0
Zach Pascal,,,WR,4500,IND,@DET,26.5,IND by 3,1%,12%,3%,0.0,0.0,0.0,0.0,0.0,0.0,0.0,0.2,0.0,0.0,5.7,4.7,4.6,1.3,7.1,8,9.2,8.0,8.0,3.3,12.6,9.1,2.0,0.0,0.0
Joe Flacco,,,QB,4500,NYJ,@KC,14.8,KC by 19.5,-14%,27%,-3%,26.3,26.3,0.4,2.7,5.0,1.7,1.7,0.0,0.3,4.0,0.0,0.0,0.0,0.0,0.0,1,7.0,7.0,7.0,0.4,13.6,0.1,0.0,0.0,0.0
Jacoby Brissett,,,QB,4500,IND,@DET,26.5,IND by 3,1%,12%,-5%,2.0,2.0,0.1,0.0,4.3,1.0,1.0,0.0,0.0,0.0,0.0,0.0,0.0,0.0,0.0,0,0.3,0.3,0.3,-0.1,0.8,0.1,0.0,0.0,0.0
Dallas Goedert,,,TE,4500,PHI,DAL,25.5,PHI by 8,-7%,51%,21%,0.0,0.0,0.0,0.0,0.0,0.0,0.0,0.0,0.0,0.0,6.0,6.0,5.7,0.7,7.7,9,11.9,11.9,11.9,-1.5,25.3,10.7,2.4,0.0,0.0
Matt Schaub,,,QB,4500,ATL,@CAR,25.0,CAR by 2,-8%,5%,-12%,0.0,0.0,0.2,0.0,0.0,0.0,0.0,0.0,0.0,0.0,0.0,0.0,0.0,0.0,0.0,0,0.0,0.0,0.0,0.0,0.0,0.1,0.0,0.0,0.0
Allen Lazard,,O,WR,4400,GB,MIN,29.0,GB by 6.5,16%,7%,18%,0.0,0.0,0.0,0.0,0.0,0.7,0.7,0.3,0.0,8.5,5.7,5.7,3.1,0.7,14.9,5,18.4,18.4,18.4,7.4,29.3,0.0,0.0,0.0,0.0
Jared Cook,,,TE,4400,NO,@CHI,23.8,NO by 4,-10%,1%,18%,0.0,0.0,0.0,0.0,0.0,0.0,0.0,0.0,0.0,0.0,3.3,4.4,4.8,1.0,9.0,8,9.8,10.4,10.4,6.5,14.2,10.5,2.4,0.0,0.0
Mike Williams,,,WR,4400,LAC,@DEN,24.0,LAC by 3.5,-7%,-8%,-7%,0.0,0.0,0.0,0.0,0.0,0.0,0.0,0.0,0.0,0.0,4.0,5.0,5.3,0.4,8.5,8,11.7,9.9,9.9,-2.5,22.2,10.8,2.5,0.0,0.0
Julian Edelman,,O,WR,4400,NE,@BUF,19.3,BUF by 4,-3%,6%,-17%,0.7,0.3,0.0,0.0,19.0,0.0,0.3,0.0,0.0,11.0,5.0,6.5,0.0,0.7,8.1,0,4.4,9.9,9.9,-0.2,19.9,0.0,0.0,0.0,0.0
John Brown,,,WR,4400,BUF,NE,23.3,BUF by 4,-7%,12%,-14%,0.0,0.0,0.0,0.0,0.0,0.0,0.0,0.1,0.0,0.0,3.7,5.4,6.1,0.8,7.2,10,2.7,9.1,9.1,-0.2,18.4,10.3,2.3,0.0,0.0
Zack Moss,,,RB,4400,BUF,NE,23.3,BUF by 4,-7%,12%,-5%,0.0,0.0,0.0,0.0,0.0,6.7,7.3,9.2,2.0,3.6,1.0,1.8,1.1,0.5,5.9,17,5.0,6.6,6.6,1.5,11.8,8.7,2.0,0.0,0.0
Gus Edwards,,,RB,4400,BAL,PIT,25.3,BAL by 4,-12%,-42%,-39%,0.0,0.0,0.0,0.0,0.0,10.0,8.0,11.3,0.5,4.5,1.0,0.5,0.8,0.0,0.0,20,5.0,4.6,4.6,1.9,7.4,8.0,1.8,0.0,0.0
Nathan Peterman,,,QB,4400,LV,@CLE,24.5,CLE by 2.5,17%,-22%,25%,0.0,0.0,0.0,0.0,0.0,0.0,0.0,0.0,0.0,0.0,0.0,0.0,0.0,0.0,0.0,0,0.0,0.0,0.0,0.0,0.0,0.0,0.0,0.0,0.0
Evan Engram,,,TE,4400,NYG,TB,17.8,TB by 10.5,-9%,-44%,-7%,0.0,0.0,0.0,0.0,0.0,1.3,0.6,0.4,0.4,3.0,4.7,6.3,6.9,0.7,5.1,13,8.5,7.9,7.9,4.4,11.5,10.6,2.4,0.0,0.0
Wayne Gallman Jr.,,,RB,4400,NYG,TB,17.8,TB by 10.5,-9%,-44%,-6%,0.0,0.0,0.0,0.0,0.0,5.0,4.2,12.8,0.3,4.4,2.3,1.8,3.0,0.3,3.7,28,6.9,5.2,5.2,-0.6,10.9,9.1,2.1,0.0,0.0
Robert Tonyan,,,TE,4300,GB,MIN,29.0,GB by 6.5,16%,7%,-12%,0.0,0.0,0.0,0.0,0.0,0.0,0.0,0.0,0.0,0.0,4.0,3.3,4.2,0.7,11.5,7,14.8,11.8,11.8,-0.2,23.9,9.3,2.2,0.0,0.0
Preston Williams,,,WR,4300,MIA,LAR,21.3,LAR by 3.5,-14%,-15%,-20%,0.0,0.0,0.0,0.0,0.0,0.0,0.0,0.0,0.0,0.0,3.7,4.2,5.8,0.8,8.5,9,12.6,9.7,9.7,2.6,16.8,9.9,2.3,0.0,0.0
Latavius Murray,,,RB,4300,NO,@CHI,23.8,NO by 4,-10%,1%,-4%,0.0,0.0,0.0,0.0,0.0,11.0,10.5,10.3,2.3,4.2,1.7,1.5,1.7,0.3,8.6,19,11.9,8.9,8.9,2.7,15.1,8.9,2.1,0.0,0.0
Anthony Miller,,,WR,4300,CHI,NO,19.8,NO by 4,-3%,-24%,-10%,0.0,0.0,0.0,0.0,0.0,0.0,0.1,0.2,0.0,9.0,4.0,4.4,4.8,0.7,6.1,8,5.2,7.3,7.3,1.2,13.3,8.4,2.0,0.0,0.0
La'Mical Perine,,,RB,4300,NYJ,@KC,14.8,KC by 19.5,-14%,27%,7%,0.0,0.0,0.0,0.0,0.0,6.0,5.5,9.3,0.5,3.7,2.0,1.3,2.9,0.2,3.0,20,6.4,4.4,4.4,-0.5,9.3,8.7,2.0,0.0,0.0
Cam Akers,,,RB,4300,LAR,@MIA,24.8,LAR by 3.5,-4%,5%,6%,0.0,0.0,0.0,0.0,0.0,3.0,5.2,2.2,0.4,4.3,0.0,0.2,0.2,0.0,4.0,4,2.0,2.5,2.5,-0.4,5.5,1.8,0.4,0.0,0.0
Sean Mannion,,,QB,4300,MIN,@GB,22.5,GB by 6.5,-2%,-7%,-12%,0.0,0.0,0.2,0.0,0.0,0.0,0.0,0.0,0.0,0.0,0.0,0.0,0.0,0.0,0.0,0,0.0,0.0,0.0,0.0,0.0,0.0,0.0,0.0,0.0
Hunter Henry,,,TE,4200,LAC,@DEN,24.0,LAC by 3.5,-7%,-8%,-14%,0.0,0.0,0.0,0.0,0.0,0.0,0.0,0.0,0.0,0.0,6.0,6.8,6.4,0.7,7.1,10,7.8,10.0,10.0,6.3,13.7,11.9,2.8,0.0,0.0
Rashard Higgins,,,WR,4200,CLE,LV,27.0,CLE by 2.5,15%,1%,-1%,0.0,0.0,0.0,0.0,0.0,0.0,0.0,0.0,0.0,0.0,3.7,2.4,5.7,0.4,13.6,9,13.5,8.5,8.5,0.4,16.5,10.7,2.5,0.0,0.0
Damien Harris,,Q,RB,4200,NE,@BUF,19.3,BUF by 4,-3%,6%,-10%,0.0,0.0,0.0,0.0,0.0,11.0,11.0,10.6,0.3,5.4,0.7,0.7,0.5,0.0,13.0,17,8.4,8.4,8.4,4.1,12.8,8.3,2.0,0.0,0.0
Marvin Jones Jr.,,,WR,4200,DET,IND,23.5,IND by 3,-19%,-25%,-12%,0.0,0.0,0.0,0.0,0.0,0.0,0.0,0.0,0.0,0.0,4.3,5.0,5.7,0.8,7.5,9,5.9,7.9,7.9,3.2,12.6,9.7,2.3,0.0,0.0
Brian Hoyer,,,QB,4200,NE,@BUF,19.3,BUF by 4,-3%,6%,-12%,24.0,24.0,0.0,1.0,5.4,1.0,1.0,0.0,0.0,8.0,0.0,0.0,0.0,0.0,0.0,0,4.0,4.0,4.0,4.0,4.0,0.0,0.0,0.0,0.0
Case Keenum,,,QB,4200,CLE,LV,27.0,CLE by 2.5,15%,1%,11%,10.0,10.0,0.3,0.0,4.6,0.0,0.0,0.0,0.0,0.0,0.0,0.0,0.0,0.0,0.0,0,1.8,1.8,1.8,1.8,1.8,0.1,0.0,0.0,0.0
Logan Woodside,,,QB,4200,TEN,@CIN,29.5,TEN by 5.5,6%,13%,10%,0.0,0.0,0.1,0.0,0.0,0.0,0.0,0.0,0.0,0.0,0.0,0.0,0.0,0.0,0.0,0,0.0,0.0,0.0,0.0,0.0,0.1,0.0,0.0,0.0
Hayden Hurst,,,TE,4200,ATL,@CAR,25.0,CAR by 2,-8%,5%,-11%,0.0,0.0,0.0,0.0,0.0,0.0,0.0,0.0,0.0,0.0,5.7,5.6,5.2,0.4,7.6,8,10.4,10.4,10.4,4.9,15.8,9.8,2.3,0.0,0.0
Tony Pollard,,,RB,4200,DAL,@PHI,17.5,PHI by 8,-11%,10%,-9%,0.0,0.0,0.0,0.0,0.0,8.0,4.4,5.7,0.4,3.5,2.7,2.1,1.9,0.1,3.5,12,4.8,4.6,4.6,1.4,7.8,4.7,1.1,0.0,0.0
Corey Clement,,,RB,4200,PHI,DAL,25.5,PHI by 8,-7%,51%,17%,0.0,0.0,0.0,0.0,0.0,0.7,1.9,5.0,0.3,3.0,0.3,0.4,1.3,0.0,4.7,10,1.0,1.2,1.2,-0.5,2.9,4.1,1.0,0.0,0.0
Jonnu Smith,,,TE,4100,TEN,@CIN,29.5,TEN by 5.5,6%,13%,54%,0.0,0.0,0.0,0.0,0.0,0.0,0.0,0.0,0.0,0.0,4.7,5.2,4.9,1.0,7.8,8,5.1,10.7,10.7,1.4,19.9,11.2,2.7,0.0,0.0
Tyrod Taylor,,Q,QB,4100,LAC,@DEN,24.0,LAC by 3.5,-7%,-8%,-5%,30.0,30.0,0.2,4.0,6.9,6.0,6.0,0.0,0.0,1.2,0.0,0.0,0.0,0.0,0.0,0,9.0,9.0,9.0,9.0,9.0,0.1,0.0,0.0,0.0
Chad Henne,,,QB,4100,KC,NYJ,34.3,KC by 19.5,5%,6%,8%,2.0,2.0,0.4,1.0,6.5,4.0,4.0,0.1,1.0,-0.5,0.0,0.0,0.0,0.0,0.0,1,6.3,6.3,6.3,6.3,6.3,0.1,0.0,0.0,0.0
Taysom Hill,,,QB,4100,NO,@CHI,23.8,NO by 4,-10%,1%,-31%,0.7,0.5,0.5,0.0,12.7,2.3,2.3,1.4,1.0,3.7,1.3,1.0,0.0,0.2,3.8,3,3.4,2.8,2.8,0.0,5.6,1.9,0.5,0.0,0.0
Matt Barkley,,,QB,4100,BUF,NE,23.3,BUF by 4,-7%,12%,-29%,0.0,0.0,0.2,0.0,0.0,0.0,0.0,0.0,0.0,0.0,0.0,0.0,0.0,0.0,0.0,0,0.0,0.0,0.0,0.0,0.0,0.1,0.0,0.0,0.0
Chase Daniel,,,QB,4100,DET,IND,23.5,IND by 3,-19%,-25%,-39%,0.0,0.0,0.2,0.0,0.0,0.0,0.0,0.0,0.0,0.0,0.0,0.0,0.0,0.0,0.0,0,0.0,0.0,0.0,0.0,0.0,0.1,0.0,0.0,0.0
John Wolford,,,QB,4100,LAR,@MIA,24.8,LAR by 3.5,-4%,5%,-16%,0.0,0.0,0.1,0.0,0.0,0.0,0.0,0.0,0.0,0.0,0.0,0.0,0.0,0.0,0.0,0,0.0,0.0,0.0,0.0,0.0,0.1,0.0,0.0,0.0
Geno Smith,,,QB,4100,SEA,SF,28.3,SEA by 2.5,-17%,-10%,-8%,0.0,0.0,0.2,0.0,0.0,0.0,0.0,0.0,0.0,0.0,0.0,0.0,0.0,0.0,0.0,0,0.0,0.0,0.0,0.0,0.0,0.0,0.0,0.0,0.0
Tim Boyle,,,QB,4100,GB,MIN,29.0,GB by 6.5,16%,7%,8%,0.0,0.0,0.1,0.0,0.0,1.0,1.4,0.0,0.0,-0.7,0.0,0.0,0.0,0.0,0.0,0,-0.1,-0.1,-0.1,-0.2,0.0,0.0,0.0,0.0,0.0
Mason Rudolph,,,QB,4100,PIT,@BAL,21.3,BAL by 4,-6%,-8%,-3%,1.0,1.0,0.2,0.0,6.0,3.0,3.0,0.0,0.0,-1.0,0.0,0.0,0.0,0.0,0.0,0,-0.1,-0.1,-0.1,-0.1,-0.1,0.1,0.0,0.0,0.0
Robert Griffin III,,,QB,4100,BAL,PIT,25.3,BAL by 4,-12%,-42%,-24%,0.7,0.7,0.2,0.0,4.5,1.7,1.7,0.2,0.0,0.2,0.0,0.0,0.0,0.0,0.0,1,-0.2,-0.2,-0.2,-0.7,0.3,0.1,0.0,0.0,0.0
Blaine Gabbert,,,QB,4100,TB,@NYG,28.3,TB by 10.5,2%,-11%,2%,1.0,1.0,0.5,0.0,0.0,3.0,3.0,0.1,0.0,0.7,0.0,0.0,0.0,0.0,0.0,1,0.2,0.2,0.2,0.2,0.2,0.1,0.0,0.0,0.0
Colt McCoy,,,QB,4100,NYG,TB,17.8,TB by 10.5,-9%,-44%,-19%,0.0,0.0,0.2,0.0,0.0,0.0,0.0,0.0,0.0,0.0,0.0,0.0,0.0,0.0,0.0,0,0.0,0.0,0.0,0.0,0.0,0.1,0.0,0.0,0.0
Jeff Driskel,,,QB,4000,DEN,LAC,20.5,LAC by 3.5,3%,-4%,11%,21.3,21.3,0.0,2.3,6.8,2.0,2.0,0.0,0.3,4.7,0.0,0.0,0.0,0.0,0.0,0,10.7,10.7,10.7,1.3,20.1,0.1,0.0,0.0,0.0
Nick Mullens,,,QB,4000,SF,@SEA,25.8,SEA by 2.5,50%,-6%,36%,24.3,24.3,0.0,3.7,8.4,2.0,2.0,0.0,0.0,-0.3,0.0,0.0,0.0,0.0,0.0,0,10.5,10.5,10.5,0.8,20.1,0.2,0.1,0.0,0.0
Rex Burkhead,,,RB,4000,NE,@BUF,19.3,BUF by 4,-3%,6%,-10%,0.0,0.0,0.0,0.0,0.0,6.7,6.5,5.4,1.3,3.9,1.7,3.5,2.4,0.7,6.5,12,5.0,10.3,10.3,-2.0,22.6,7.0,1.8,0.0,0.0
Sony Michel,,O,RB,4000,NE,@BUF,19.3,BUF by 4,-3%,6%,-10%,0.0,0.0,0.0,0.0,0.0,8.7,8.7,6.8,1.7,6.7,1.0,1.0,0.7,0.0,7.7,11,10.2,10.2,10.2,1.6,18.8,0.0,0.0,0.0,0.0
Nyheim Hines,,,RB,4000,IND,@DET,26.5,IND by 3,1%,12%,12%,0.0,0.0,0.0,0.0,0.0,4.0,4.3,4.4,1.5,3.1,4.3,4.5,4.4,0.8,5.4,14,6.3,9.6,9.6,0.5,18.8,8.9,2.2,0.0,0.0
Adrian Peterson,,,RB,4000,DET,IND,23.5,IND by 3,-19%,-25%,-28%,0.0,0.0,0.0,0.0,0.0,12.3,13.3,10.7,2.7,3.9,1.3,1.3,0.7,0.0,6.3,18,8.8,9.1,9.1,4.7,13.4,7.5,1.9,0.0,0.0
Marlon Mack,,O,RB,4000,IND,@DET,26.5,IND by 3,1%,12%,12%,0.0,0.0,0.0,0.0,0.0,4.0,4.0,0.0,0.0,6.5,3.0,3.0,0.0,0.0,10.0,0,8.6,8.6,8.6,8.6,8.6,0.0,0.0,0.0,0.0
Austin Hooper,,O,TE,4000,CLE,LV,27.0,CLE by 2.5,15%,1%,-11%,0.0,0.0,0.0,0.0,0.0,0.0,0.0,0.0,0.0,0.0,7.7,5.5,0.0,0.3,6.2,0,11.8,8.1,8.1,3.7,12.4,0.0,0.0,0.0,0.0
Tarik Cohen,,O,RB,4000,CHI,NO,19.8,NO by 4,-3%,-24%,-23%,0.0,0.0,0.0,0.0,0.0,4.7,4.7,0.0,1.0,5.3,3.0,3.0,0.0,0.7,4.6,0,5.8,5.8,5.8,4.0,7.7,0.0,0.0,0.0,0.0
Frank Gore,,Q,RB,4000,NYJ,@KC,14.8,KC by 19.5,-14%,27%,7%,0.0,0.0,0.0,0.0,0.0,10.3,12.3,10.1,1.4,3.6,1.3,1.3,1.3,0.1,3.9,19,6.7,5.8,5.8,2.9,8.7,5.9,1.5,0.0,0.0
Benny Snell Jr.,,,RB,4000,PIT,@BAL,21.3,BAL by 4,-6%,-8%,-23%,0.0,0.0,0.0,0.0,0.0,5.0,7.3,5.6,1.3,3.8,0.3,0.5,0.2,0.0,0.0,9,5.7,5.5,5.5,-0.1,11.0,3.5,0.9,0.0,0.0
Michael Pittman Jr.,,,WR,4000,IND,@DET,26.5,IND by 3,1%,12%,3%,0.0,0.0,0.0,0.0,0.0,0.0,0.0,0.0,0.0,0.0,4.0,4.0,3.5,0.7,6.1,6,5.4,5.4,5.4,3.1,7.8,5.7,1.4,0.0,0.0
T.J. Yeldon,,,RB,4000,BUF,NE,23.3,BUF by 4,-7%,12%,-5%,0.0,0.0,0.0,0.0,0.0,1.5,1.5,1.6,0.5,6.0,0.5,0.5,0.4,0.0,0.0,3,0.9,0.9,0.9,-0.4,2.2,1.5,0.4,0.0,0.0
Jordan Howard,,,RB,4000,MIA,LAR,21.3,LAR by 3.5,-14%,-15%,-6%,0.0,0.0,0.0,0.0,0.0,3.3,4.5,5.0,2.0,0.8,0.3,0.3,0.4,0.0,-3.0,8,4.5,5.0,5.0,2.3,7.8,3.7,0.9,0.0,0.0
Jalen Richard,,,RB,4000,LV,@CLE,24.5,CLE by 2.5,17%,-22%,4%,0.0,0.0,0.0,0.0,0.0,3.0,2.0,2.6,0.2,6.2,3.0,2.2,2.1,0.7,4.5,8,4.3,4.9,4.9,2.4,7.4,4.7,1.2,0.0,0.0
Devontae Booker,,,RB,4000,LV,@CLE,24.5,CLE by 2.5,17%,-22%,4%,0.0,0.0,0.0,0.0,0.0,3.3,3.3,3.3,0.7,6.3,1.0,1.2,0.8,0.2,6.1,7,3.7,4.0,4.0,0.7,7.3,3.8,0.9,0.0,0.0
Tevin Coleman,,,RB,4000,SF,@SEA,25.8,SEA by 2.5,50%,-6%,-15%,0.0,0.0,0.0,0.0,0.0,9.0,9.0,6.9,0.5,1.7,2.0,2.0,1.0,0.5,8.5,12,4.7,4.7,4.7,2.9,6.5,6.6,1.6,0.0,0.0
Kyle Juszczyk,,,RB,4000,SF,@SEA,25.8,SEA by 2.5,50%,-6%,-15%,0.0,0.0,0.0,0.0,0.0,2.0,1.0,0.6,0.3,5.1,1.7,1.7,1.8,0.4,7.8,4,6.5,4.6,4.6,1.2,8.0,4.2,1.1,0.0,0.0
Darrel Williams,,,RB,4000,KC,NYJ,34.3,KC by 19.5,5%,6%,23%,0.0,0.0,0.0,0.0,0.0,2.3,2.4,1.6,0.4,3.6,2.0,1.7,0.4,0.1,4.2,3,5.3,3.7,3.7,-0.1,7.5,1.9,0.5,0.0,0.0
Matt Breida,,,RB,4000,MIA,LAR,21.3,LAR by 3.5,-14%,-15%,-6%,0.0,0.0,0.0,0.0,0.0,6.0,5.5,5.6,0.8,3.5,2.0,1.3,1.6,0.0,9.9,11,6.3,4.4,4.4,1.6,7.2,5.1,1.3,0.0,0.0
Kerryon Johnson,,,RB,4000,DET,IND,23.5,IND by 3,-19%,-25%,-28%,0.0,0.0,0.0,0.0,0.0,2.3,4.2,2.4,1.0,3.2,1.0,0.8,0.4,0.2,5.6,4,1.7,3.3,3.3,0.1,6.5,2.5,0.6,0.0,0.0
Alec Ingold,,,RB,4000,LV,@CLE,24.5,CLE by 2.5,17%,-22%,4%,0.0,0.0,0.0,0.0,0.0,0.3,0.2,0.4,0.0,-1.0,2.3,1.7,0.5,0.2,9.1,1,4.1,3.8,3.8,1.0,6.7,2.7,0.7,0.0,0.0
Royce Freeman,,,RB,4000,DEN,LAC,20.5,LAC by 3.5,3%,-4%,-6%,0.0,0.0,0.0,0.0,0.0,4.7,3.3,2.4,0.3,3.4,1.7,1.3,1.7,0.7,7.3,7,3.3,3.3,3.3,2.0,4.6,2.6,0.7,0.0,0.0
Tyler Ervin,,Q,RB,4000,GB,MIN,29.0,GB by 6.5,16%,7%,-6%,0.0,0.0,0.0,0.0,0.0,0.3,1.0,1.0,0.3,10.8,1.7,1.5,1.0,0.3,4.3,3,2.2,3.0,3.0,1.2,4.8,2.5,0.6,0.0,0.0
J.J. Taylor,,,RB,4000,NE,@BUF,19.3,BUF by 4,-3%,6%,-10%,0.0,0.0,0.0,0.0,0.0,5.3,5.3,2.0,1.0,4.4,0.7,0.7,0.1,0.3,2.0,3,2.8,2.8,2.8,0.3,5.3,1.6,0.4,0.0,0.0
Travis Homer,,Q,RB,4000,SEA,SF,28.3,SEA by 2.5,-17%,-10%,-28%,0.0,0.0,0.0,0.0,0.0,3.3,3.0,5.0,0.2,3.8,0.3,0.7,1.7,0.2,1.8,11,3.4,2.8,2.8,0.2,5.3,4.9,1.2,0.0,0.0
Jeremy McNichols,,,RB,4000,TEN,@CIN,29.5,TEN by 5.5,6%,13%,4%,0.0,0.0,0.0,0.0,0.0,2.0,1.6,3.2,0.2,7.5,1.3,1.0,1.3,0.6,3.2,7,3.3,2.1,2.1,-1.3,5.6,3.2,0.8,0.0,0.0
Jordan Wilkins,,,RB,4000,IND,@DET,26.5,IND by 3,1%,12%,12%,0.0,0.0,0.0,0.0,0.0,3.7,4.8,4.2,0.8,3.2,0.7,0.5,0.3,0.0,7.3,7,1.4,2.3,2.3,-0.3,4.8,3.1,0.8,0.0,0.0
Anthony McFarland Jr.,,,RB,4000,PIT,@BAL,21.3,BAL by 4,-6%,-8%,-23%,0.0,0.0,0.0,0.0,0.0,2.3,3.3,2.3,0.0,4.3,0.7,1.0,1.1,0.0,3.3,5,1.0,2.2,2.2,-0.3,4.7,1.7,0.4,0.0,0.0
Ty Montgomery,,O,RB,4000,NO,@CHI,23.8,NO by 4,-10%,1%,-4%,0.0,0.0,0.0,0.0,0.0,0.5,0.5,1.0,0.5,-4.0,1.5,1.5,0.9,0.0,8.3,3,2.0,2.0,2.0,-1.4,5.5,0.0,0.0,0.0,0.0
D'Ernest Johnson,,,RB,4000,CLE,LV,27.0,CLE by 2.5,15%,1%,21%,0.0,0.0,0.0,0.0,0.0,4.3,3.9,4.8,0.0,5.0,0.7,0.3,0.6,0.0,2.0,8,1.7,2.1,2.1,-1.5,5.8,3.4,0.8,0.0,0.0
Dontrell Hilliard,,,RB,4000,CLE,LV,27.0,CLE by 2.5,15%,1%,21%,0.0,0.0,0.0,0.0,0.0,1.3,2.3,2.1,0.5,5.3,0.0,0.3,0.4,0.0,2.0,4,1.0,1.5,1.5,-0.2,3.2,2.0,0.5,0.0,0.0
Jakob Johnson,,,RB,4000,NE,@BUF,19.3,BUF by 4,-3%,6%,-10%,0.0,0.0,0.0,0.0,0.0,0.0,0.0,0.3,0.0,0.0,0.3,0.5,0.0,0.2,2.7,0,0.4,1.6,1.6,-1.1,4.4,1.6,0.4,0.0,0.0
DeeJay Dallas,,,RB,4000,SEA,SF,28.3,SEA by 2.5,-17%,-10%,-28%,0.0,0.0,0.0,0.0,0.0,0.7,0.5,4.7,0.0,4.0,1.7,1.3,2.2,0.0,6.6,11,2.7,2.0,2.0,-0.3,4.4,6.1,1.5,0.0,0.0
DeAndre Washington,,,RB,4000,KC,NYJ,34.3,KC by 19.5,5%,6%,23%,0.0,0.0,0.0,0.0,0.0,3.0,3.0,0.6,2.0,1.7,1.0,1.0,0.0,1.0,2.0,1,1.7,1.7,1.7,1.7,1.7,0.6,0.1,0.0,0.0
Patrick Ricard,,,RB,4000,BAL,PIT,25.3,BAL by 4,-12%,-42%,-39%,0.0,0.0,0.0,0.0,0.0,0.0,0.2,0.1,0.2,-5.0,1.0,1.0,0.8,0.2,3.4,1,0.6,1.8,1.8,-1.2,4.9,0.9,0.2,0.0,0.0
Ty Johnson,,,RB,4000,NYJ,@KC,14.8,KC by 19.5,-14%,27%,7%,0.0,0.0,0.0,0.0,0.0,1.0,0.8,1.9,0.0,14.0,0.7,0.5,0.7,0.0,0.0,4,1.4,1.1,1.1,-1.1,3.2,1.5,0.4,0.0,0.0
AJ Dillon,,,RB,4000,GB,MIN,29.0,GB by 6.5,16%,7%,-6%,0.0,0.0,0.0,0.0,0.0,3.7,3.0,5.4,0.0,4.2,0.0,0.0,0.4,0.0,0.0,9,1.5,1.3,1.3,0.2,2.4,4.5,1.1,0.0,0.0
Darrynton Evans,,O,RB,4000,TEN,@CIN,29.5,TEN by 5.5,6%,13%,4%,0.0,0.0,0.0,0.0,0.0,3.0,3.0,0.0,0.0,3.0,0.0,0.0,0.0,0.0,0.0,0,0.9,0.9,0.9,0.9,0.9,0.0,0.0,0.0,0.0
Darwin Thompson,,,RB,4000,KC,NYJ,34.3,KC by 19.5,5%,6%,23%,0.0,0.0,0.0,0.0,0.0,1.0,1.5,1.9,0.0,5.4,0.0,0.5,0.1,0.0,0.0,3,0.6,0.7,0.7,-0.3,1.6,1.0,0.3,0.0,0.0
Patrick Laird,,,RB,4000,MIA,LAR,21.3,LAR by 3.5,-14%,-15%,-6%,0.0,0.0,0.0,0.0,0.0,0.0,0.0,1.6,0.0,0.0,0.3,0.5,0.4,0.0,3.7,3,0.4,0.7,0.7,-0.5,1.9,1.3,0.3,0.0,0.0
Jaylen Samuels,,,RB,4000,PIT,@BAL,21.3,BAL by 4,-6%,-8%,-23%,0.0,0.0,0.0,0.0,0.0,0.3,0.5,1.7,0.5,2.7,0.0,0.5,0.6,0.0,1.7,3,0.2,0.5,0.5,-0.1,1.2,1.6,0.4,0.0,0.0
Troymaine Pope,,,RB,4000,LAC,@DEN,24.0,LAC by 3.5,-7%,-8%,-30%,0.0,0.0,0.0,0.0,0.0,1.0,1.0,0.6,0.0,6.0,0.0,0.0,0.0,0.0,0.0,1,0.6,0.6,0.6,0.6,0.6,0.6,0.1,0.0,0.0
Mike Boone,,,RB,4000,MIN,@GB,22.5,GB by 6.5,-2%,-7%,28%,0.0,0.0,0.0,0.0,0.0,1.0,0.5,1.7,0.2,6.0,0.3,0.2,0.1,0.0,6.0,3,1.1,0.6,0.6,-0.3,1.5,1.9,0.5,0.0,0.0
Andy Janovich,,,RB,4000,CLE,LV,27.0,CLE by 2.5,15%,1%,21%,0.0,0.0,0.0,0.0,0.0,0.7,0.3,0.3,0.1,2.0,0.0,0.3,0.7,0.0,6.5,2,0.1,0.5,0.5,-0.3,1.4,0.9,0.2,0.0,0.0
Chandler Cox,,,RB,4000,MIA,LAR,21.3,LAR by 3.5,-14%,-15%,-6%,0.0,0.0,0.0,0.0,0.0,0.0,0.0,0.7,0.0,0.0,0.7,0.3,0.9,0.0,4.5,2,1.0,0.5,0.5,-0.3,1.2,1.3,0.3,0.0,0.0
C.J. Ham,,,RB,4000,MIN,@GB,22.5,GB by 6.5,-2%,-7%,28%,0.0,0.0,0.0,0.0,0.0,0.3,0.3,0.2,0.3,3.0,1.0,0.8,1.3,0.2,2.2,2,0.1,0.5,0.5,-0.4,1.3,0.8,0.2,0.0,0.0
Senorise Perry,,O,RB,4000,TEN,@CIN,29.5,TEN by 5.5,6%,13%,4%,0.0,0.0,0.0,0.0,0.0,1.0,1.0,0.4,0.0,4.5,0.0,0.0,0.0,0.0,0.0,1,0.5,0.5,0.5,-0.2,1.1,0.0,0.0,0.0,0.0
Michael Burton,,,RB,4000,NO,@CHI,23.8,NO by 4,-10%,1%,-4%,0.0,0.0,0.0,0.0,0.0,1.0,0.5,0.8,0.0,2.0,0.3,0.2,0.2,0.0,3.0,2,0.6,0.3,0.3,-0.4,1.0,0.5,0.1,0.0,0.0
Khari Blasingame,,,RB,4000,TEN,@CIN,29.5,TEN by 5.5,6%,13%,4%,0.0,0.0,0.0,0.0,0.0,0.0,0.0,0.1,0.0,0.0,0.3,0.4,0.2,0.0,2.5,0,0.0,0.3,0.3,-0.4,1.0,0.5,0.1,0.0,0.0
Gabe Nabers,,,RB,4000,LAC,@DEN,24.0,LAC by 3.5,-7%,-8%,-30%,0.0,0.0,0.0,0.0,0.0,0.3,0.2,0.2,0.0,4.0,0.7,0.3,0.0,0.2,2.5,0,0.6,0.3,0.3,-0.5,1.1,0.3,0.1,0.0,0.0
Ameer Abdullah,,,RB,4000,MIN,@GB,22.5,GB by 6.5,-2%,-7%,28%,0.0,0.0,0.0,0.0,0.0,0.7,0.3,1.1,0.2,3.5,0.7,0.3,0.5,0.0,0.5,3,0.6,0.3,0.3,-0.4,1.0,1.2,0.3,0.0,0.0
Ryan Nall,,,RB,4000,CHI,NO,19.8,NO by 4,-3%,-24%,-23%,0.0,0.0,0.0,0.0,0.0,0.0,0.0,1.8,0.0,0.0,0.0,0.1,0.5,0.0,2.0,4,0.0,0.2,0.2,-0.3,0.6,1.3,0.3,0.0,0.0
Samaje Perine,,,RB,4000,CIN,TEN,24.0,TEN by 5.5,10%,16%,-19%,0.0,0.0,0.0,0.0,0.0,0.7,0.3,4.7,0.0,1.5,0.3,0.1,0.5,0.1,3.0,8,0.5,0.2,0.2,-0.4,0.8,3.3,0.8,0.0,0.0
Jacob Eason,,,QB,4000,IND,@DET,26.5,IND by 3,1%,12%,-5%,0.0,0.0,0.1,0.0,0.0,0.0,0.0,0.0,0.0,0.0,0.0,0.0,0.0,0.0,0.0,0,0.0,0.0,0.0,0.0,0.0,0.0,0.0,0.0,0.0
David Blough,,,QB,4000,DET,IND,23.5,IND by 3,-19%,-25%,-39%,0.0,0.0,0.2,0.0,0.0,0.0,0.0,0.0,0.0,0.0,0.0,0.0,0.0,0.0,0.0,0,0.0,0.0,0.0,0.0,0.0,0.1,0.0,0.0,0.0
Bo Scarbrough,,,RB,4000,DET,IND,23.5,IND by 3,-19%,-25%,-28%,0.0,0.0,0.0,0.0,0.0,0.0,0.0,2.6,0.0,0.0,0.0,0.0,0.0,0.0,0.0,4,0.0,0.0,0.0,0.0,0.0,1.0,0.3,0.0,0.0
Easton Stick,,,QB,4000,LAC,@DEN,24.0,LAC by 3.5,-7%,-8%,-5%,1.0,1.0,0.0,0.0,4.0,1.0,1.0,0.0,0.0,-2.0,0.0,0.0,0.0,0.0,0.0,0,0.0,0.0,0.0,0.0,0.0,0.0,0.0,0.0,0.0
LeVante Bellamy,,O,RB,4000,DEN,LAC,20.5,LAC by 3.5,3%,-4%,-6%,0.0,0.0,0.0,0.0,0.0,0.0,0.0,0.0,0.0,0.0,0.0,0.0,0.0,0.0,0.0,0,0.0,0.0,0.0,0.0,0.0,0.0,0.0,0.0,0.0
Jordan Love,,,QB,4000,GB,MIN,29.0,GB by 6.5,16%,7%,8%,0.0,0.0,0.0,0.0,0.0,0.0,0.0,0.0,0.0,0.0,0.0,0.0,0.0,0.0,0.0,0,0.0,0.0,0.0,0.0,0.0,0.0,0.0,0.0,0.0
Dexter Williams,,,RB,4000,GB,MIN,29.0,GB by 6.5,16%,7%,-6%,0.0,0.0,0.0,0.0,0.0,0.0,0.0,0.5,0.0,0.0,0.0,0.0,0.0,0.0,0.0,1,0.0,0.0,0.0,0.0,0.0,0.4,0.1,0.0,0.0
Patrick Taylor,,,RB,4000,GB,MIN,29.0,GB by 6.5,16%,7%,-6%,0.0,0.0,0.0,0.0,0.0,0.0,0.0,0.0,0.0,0.0,0.0,0.0,0.0,0.0,0.0,0,0.0,0.0,0.0,0.0,0.0,0.0,0.0,0.0,0.0
Dwayne Washington,,,RB,4000,NO,@CHI,23.8,NO by 4,-10%,1%,-4%,0.0,0.0,0.0,0.0,0.0,0.0,0.0,0.2,0.0,0.0,0.0,0.0,0.0,0.0,0.0,0,0.0,0.0,0.0,0.0,0.0,0.4,0.1,0.0,0.0
Artavis Pierce,,,RB,4000,CHI,NO,19.8,NO by 4,-3%,-24%,-23%,0.0,0.0,0.0,0.0,0.0,0.0,0.0,0.7,0.0,0.0,0.0,0.0,0.1,0.0,0.0,1,0.0,0.0,0.0,0.0,0.0,0.4,0.1,0.0,0.0
Trace McSorley,,,QB,4000,BAL,PIT,25.3,BAL by 4,-12%,-42%,-24%,0.0,0.0,0.0,0.0,0.0,0.0,0.0,0.0,0.0,0.0,0.0,0.0,0.0,0.0,0.0,0,0.0,0.0,0.0,0.0,0.0,0.0,0.0,0.0,0.0
Justice Hill,,,RB,4000,BAL,PIT,25.3,BAL by 4,-12%,-42%,-39%,0.0,0.0,0.0,0.0,0.0,0.0,0.0,1.6,0.0,0.0,0.0,0.0,0.3,0.0,0.0,3,0.0,0.0,0.0,0.0,0.0,1.1,0.3,0.0,0.0
Trey Edmunds,,,RB,4000,PIT,@BAL,21.3,BAL by 4,-6%,-8%,-23%,0.0,0.0,0.0,0.0,0.0,0.0,0.0,0.0,0.0,0.0,0.0,0.0,0.0,0.0,0.0,0,0.0,0.0,0.0,0.0,0.0,0.0,0.0,0.0,0.0
Derek Watt,,,RB,4000,PIT,@BAL,21.3,BAL by 4,-6%,-8%,-23%,0.0,0.0,0.0,0.0,0.0,0.0,0.0,0.4,0.0,0.0,0.0,0.0,0.2,0.0,0.0,1,0.0,0.0,0.0,0.0,0.0,0.4,0.1,0.0,0.0
Trayveon Williams,,,RB,4000,CIN,TEN,24.0,TEN by 5.5,10%,16%,-19%,0.0,0.0,0.0,0.0,0.0,0.0,0.0,1.7,0.0,0.0,0.0,0.0,0.1,0.0,0.0,3,0.0,0.0,0.0,0.0,0.0,1.2,0.3,0.0,0.0
Jake Fromm,,,QB,4000,BUF,NE,23.3,BUF by 4,-7%,12%,-29%,0.0,0.0,0.0,0.0,0.0,0.0,0.0,0.0,0.0,0.0,0.0,0.0,0.0,0.0,0.0,0,0.0,0.0,0.0,0.0,0.0,0.0,0.0,0.0,0.0
Taiwan Jones,,,RB,4000,BUF,NE,23.3,BUF by 4,-7%,12%,-5%,0.0,0.0,0.0,0.0,0.0,0.0,0.0,0.4,0.0,0.0,0.0,0.0,0.2,0.0,0.0,1,0.0,0.0,0.0,0.0,0.0,0.4,0.1,0.0,0.0
James Morgan,,,QB,4000,NYJ,@KC,14.8,KC by 19.5,-14%,27%,-3%,0.0,0.0,0.0,0.0,0.0,0.0,0.0,0.0,0.0,0.0,0.0,0.0,0.0,0.0,0.0,0,0.0,0.0,0.0,0.0,0.0,0.0,0.0,0.0,0.0
Malcolm Perry,,,RB,4000,MIA,LAR,21.3,LAR by 3.5,-14%,-15%,-6%,0.0,0.0,0.0,0.0,0.0,0.0,0.0,0.0,0.0,0.0,0.0,0.0,0.9,0.0,0.0,1,0.0,0.0,0.0,0.0,0.0,2.2,0.6,0.0,0.0
Xavier Jones,,,RB,4000,LAR,@MIA,24.8,LAR by 3.5,-4%,5%,6%,0.0,0.0,0.0,0.0,0.0,0.0,0.0,0.0,0.0,0.0,0.0,0.0,0.0,0.0,0.0,0,0.0,0.0,0.0,0.0,0.0,0.0,0.0,0.0,0.0
Raymond Calais,,,RB,4000,LAR,@MIA,24.8,LAR by 3.5,-4%,5%,6%,0.0,0.0,0.0,0.0,0.0,0.0,0.0,0.0,0.0,0.0,0.0,0.0,0.0,0.0,0.0,0,0.0,0.0,0.0,0.0,0.0,0.1,0.0,0.0,0.0
Rashaad Penny,,O,RB,4000,SEA,SF,28.3,SEA by 2.5,-17%,-10%,-28%,0.0,0.0,0.0,0.0,0.0,0.0,0.0,0.0,0.0,0.0,0.0,0.0,0.0,0.0,0.0,0,0.0,0.0,0.0,0.0,0.0,0.0,0.0,0.0,0.0
Nick Bellore,,,RB,4000,SEA,SF,28.3,SEA by 2.5,-17%,-10%,-28%,0.0,0.0,0.0,0.0,0.0,0.0,0.0,0.0,0.0,0.0,0.0,0.0,0.3,0.0,0.0,0,0.0,0.0,0.0,0.0,0.0,0.4,0.1,0.0,0.0
Dak Prescott,,O,QB,4000,DAL,@PHI,17.5,PHI by 8,-11%,10%,11%,45.3,44.4,0.0,4.4,8.4,3.3,3.6,0.0,1.2,5.2,0.3,0.2,0.0,0.2,11.0,0,30.1,30.3,30.3,16.7,44.0,0.0,0.0,0.0,0.0
Scotty Miller,,,WR,4000,TB,@NYG,28.3,TB by 10.5,2%,-11%,13%,0.0,0.0,0.0,0.0,0.0,0.0,0.3,0.3,0.1,3.5,3.7,4.6,6.0,0.4,11.4,9,9.2,10.6,10.6,0.9,20.3,11.8,3.0,0.0,0.0
Curtis Samuel,,,WR,4000,CAR,ATL,27.0,CAR by 2,35%,-22%,30%,0.0,0.0,0.0,0.0,0.0,2.3,2.7,1.2,0.8,4.3,5.0,4.8,5.6,0.3,8.0,11,12.2,10.2,10.2,6.2,14.1,9.9,2.5,0.0,0.0
Saquon Barkley,,O,RB,4000,NYG,TB,17.8,TB by 10.5,-9%,-44%,-6%,0.0,0.0,0.0,0.0,0.0,9.5,9.5,0.0,1.5,1.8,4.5,4.5,0.0,1.0,6.7,0,7.7,7.7,7.7,0.8,14.6,0.0,0.0,0.0,0.0
Brian Hill,,,RB,4000,ATL,@CAR,25.0,CAR by 2,-8%,5%,43%,0.0,0.0,0.0,0.0,0.0,6.0,5.3,6.0,0.4,4.4,2.3,2.3,1.3,0.1,6.4,11,5.9,6.5,6.5,2.6,10.4,6.6,1.6,0.0,0.0
Ke'Shawn Vaughn,,,RB,4000,TB,@NYG,28.3,TB by 10.5,2%,-11%,13%,0.0,0.0,0.0,0.0,0.0,1.7,1.6,1.5,0.4,5.8,1.3,1.4,0.4,0.4,3.9,3,1.9,3.3,3.3,-1.2,7.7,1.1,0.3,0.0,0.0
Dion Lewis,,,RB,4000,NYG,TB,17.8,TB by 10.5,-9%,-44%,-6%,0.0,0.0,0.0,0.0,0.0,1.0,2.3,4.7,0.3,3.4,1.7,2.4,2.9,0.3,3.8,14,1.8,3.8,3.8,-1.5,9.1,4.8,1.2,0.0,0.0
LeSean McCoy,,,RB,4000,TB,@NYG,28.3,TB by 10.5,2%,-11%,13%,0.0,0.0,0.0,0.0,0.0,1.7,1.2,1.1,0.0,-0.2,2.0,2.8,0.4,0.8,4.4,2,2.6,3.2,3.2,0.7,5.7,1.3,0.3,0.0,0.0
Ito Smith,,O,RB,4000,ATL,@CAR,25.0,CAR by 2,-8%,5%,43%,0.0,0.0,0.0,0.0,0.0,1.7,1.9,0.0,0.3,3.2,0.7,1.4,0.0,0.4,4.3,0,1.4,2.2,2.2,0.0,4.4,0.0,0.0,0.0,0.0
Trenton Cannon,,,RB,4000,CAR,ATL,27.0,CAR by 2,35%,-22%,8%,0.0,0.0,0.0,0.0,0.0,2.0,1.2,1.7,0.0,3.0,0.7,0.4,1.1,0.0,7.5,4,1.8,1.1,1.1,-1.0,3.1,1.8,0.5,0.0,0.0
Keith Smith,,,RB,4000,ATL,@CAR,25.0,CAR by 2,-8%,5%,43%,0.0,0.0,0.0,0.0,0.0,0.3,0.3,0.5,0.0,1.5,0.3,0.7,0.8,0.0,2.2,2,0.5,0.8,0.8,0.1,1.5,0.8,0.2,0.0,0.0
Jason Huntley,,,RB,4000,PHI,DAL,25.5,PHI by 8,-7%,51%,17%,0.0,0.0,0.0,0.0,0.0,1.0,1.0,2.4,0.0,4.7,0.3,0.3,0.1,0.0,0.0,4,0.5,0.5,0.5,-0.3,1.2,1.3,0.3,0.0,0.0
Alex Armah,,,RB,4000,CAR,ATL,27.0,CAR by 2,35%,-22%,8%,0.0,0.0,0.0,0.0,0.0,0.7,0.7,0.5,0.3,1.2,0.7,0.4,0.5,0.3,4.7,2,0.1,0.4,0.4,-0.4,1.3,1.1,0.3,0.0,0.0
Rico Dowdle,,,RB,4000,DAL,@PHI,17.5,PHI by 8,-11%,10%,-9%,0.0,0.0,0.0,0.0,0.0,1.5,1.5,0.9,0.0,4.3,0.0,0.0,0.1,0.0,0.0,2,0.7,0.7,0.7,-0.3,1.6,0.6,0.1,0.0,0.0
Elijhaa Penny,,,RB,4000,NYG,TB,17.8,TB by 10.5,-9%,-44%,-6%,0.0,0.0,0.0,0.0,0.0,0.3,0.1,0.7,0.0,3.0,0.0,0.0,0.0,0.0,0.0,1,0.1,0.0,0.0,-0.1,0.2,0.4,0.1,0.0,0.0
Nate Sudfeld,,,QB,4000,PHI,DAL,25.5,PHI by 8,-7%,51%,11%,0.0,0.0,0.2,0.0,0.0,0.0,0.0,0.0,0.0,0.0,0.0,0.0,0.0,0.0,0.0,0,0.0,0.0,0.0,0.0,0.0,0.0,0.0,0.0,0.0
Qadree Ollison,,,RB,4000,ATL,@CAR,25.0,CAR by 2,-8%,5%,43%,0.0,0.0,0.0,0.0,0.0,0.0,0.0,1.3,0.0,0.0,0.0,0.0,0.1,0.0,0.0,2,0.0,0.0,0.0,0.0,0.0,1.2,0.3,0.0,0.0
Ryan Griffin,,,QB,4000,TB,@NYG,28.3,TB by 10.5,2%,-11%,2%,0.0,0.0,0.0,0.0,0.0,0.0,0.0,0.0,0.0,0.0,0.0,0.0,0.0,0.0,0.0,0,0.0,0.0,0.0,0.0,0.0,0.0,0.0,0.0,0.0
T.J. Logan,,O,RB,4000,TB,@NYG,28.3,TB by 10.5,2%,-11%,13%,0.0,0.0,0.0,0.0,0.0,0.0,0.0,0.0,0.0,0.0,0.0,0.0,0.0,0.0,0.0,0,0.0,0.0,0.0,0.0,0.0,0.0,0.0,0.0,0.0
Eric Ebron,,,TE,3900,PIT,@BAL,21.3,BAL by 4,-6%,-8%,-2%,0.0,0.0,0.0,0.0,0.0,0.0,0.0,0.0,0.0,0.0,6.0,5.3,5.8,1.2,6.7,9,7.4,8.1,8.1,3.0,13.2,9.9,2.5,0.0,0.0
Russell Gage,,,WR,3900,ATL,@CAR,25.0,CAR by 2,-8%,5%,-10%,0.0,0.1,0.0,0.0,0.0,0.0,0.1,0.0,0.1,-2.0,5.3,6.1,5.4,1.1,8.0,8,8.5,10.6,10.6,3.2,18.0,9.2,2.4,0.0,0.0
Greg Ward,,,WR,3900,PHI,DAL,25.5,PHI by 8,-7%,51%,22%,0.0,0.0,0.0,0.0,0.0,0.0,0.1,0.3,0.0,-6.0,4.7,5.7,5.4,0.7,5.8,9,11.2,10.2,10.2,3.9,16.6,9.8,2.5,0.0,0.0
Richard Rodgers,,,TE,3900,PHI,DAL,25.5,PHI by 8,-7%,51%,21%,0.0,0.0,0.0,0.0,0.0,0.0,0.0,0.0,0.0,0.0,4.0,3.6,3.8,0.2,10.2,6,7.8,6.7,6.7,2.0,11.3,6.9,1.8,0.0,0.0
Adam Humphries,,,WR,3800,TEN,@CIN,29.5,TEN by 5.5,6%,13%,4%,0.0,0.0,0.0,0.0,0.0,0.3,0.2,0.1,0.0,0.0,5.3,5.8,5.3,0.8,7.6,8,9.8,11.2,11.2,5.0,17.3,9.0,2.4,0.0,0.0
Hunter Renfrow,,,WR,3800,LV,@CLE,24.5,CLE by 2.5,17%,-22%,40%,0.0,0.0,0.0,0.0,0.0,0.0,0.0,0.0,0.0,0.0,5.0,4.8,5.5,0.7,9.8,9,8.0,9.2,9.2,3.3,15.2,9.7,2.6,0.0,0.0
Marquez Valdes-Scantling,,,WR,3800,GB,MIN,29.0,GB by 6.5,16%,7%,18%,0.0,0.0,0.0,0.0,0.0,0.3,0.2,0.0,0.0,9.0,5.7,5.7,5.1,0.7,7.1,8,5.2,7.7,7.7,0.9,14.5,8.6,2.3,0.0,0.0
David Njoku,,,TE,3800,CLE,LV,27.0,CLE by 2.5,15%,1%,-11%,0.0,0.0,0.0,0.0,0.0,0.0,0.0,0.0,0.0,0.0,2.3,2.5,3.5,0.5,8.3,5,4.4,6.8,6.8,0.6,13.0,6.7,1.8,0.0,0.0
Donovan Peoples-Jones,,,WR,3800,CLE,LV,27.0,CLE by 2.5,15%,1%,-1%,0.0,0.0,0.0,0.0,0.0,0.0,0.0,0.0,0.0,0.0,1.3,1.0,3.4,0.0,14.0,5,4.9,3.7,3.7,-3.6,10.9,6.5,1.7,0.0,0.0
Michael Gallup,,,WR,3800,DAL,@PHI,17.5,PHI by 8,-11%,10%,11%,0.0,0.0,0.0,0.0,0.0,0.0,0.0,0.0,0.0,0.0,4.0,5.1,4.7,0.4,10.3,8,5.2,9.3,9.3,0.0,18.6,7.7,2.0,0.0,0.0
Parris Campbell,,O,WR,3700,IND,@DET,26.5,IND by 3,1%,12%,3%,0.0,0.0,0.0,0.0,0.0,0.0,0.4,0.0,0.0,8.0,0.0,1.8,0.0,0.0,7.9,0,0.0,2.9,2.9,-3.3,9.1,0.0,0.0,0.0,0.0
Damiere Byrd,,,WR,3700,NE,@BUF,19.3,BUF by 4,-3%,6%,-17%,0.0,0.0,0.0,0.0,0.0,0.0,0.0,0.0,0.0,0.0,5.3,4.7,6.1,0.0,8.3,9,7.5,6.9,6.9,1.5,12.3,8.7,2.4,0.0,0.0
Gerald Everett,,,TE,3700,LAR,@MIA,24.8,LAR by 3.5,-4%,5%,-53%,0.0,0.0,0.0,0.0,0.0,0.0,0.1,0.1,0.1,2.0,4.3,2.6,3.9,0.1,10.9,6,10.5,6.5,6.5,1.6,11.5,6.2,1.7,0.0,0.0
Dalton Schultz,,,TE,3700,DAL,@PHI,17.5,PHI by 8,-11%,10%,45%,0.0,0.0,0.0,0.0,0.0,0.0,0.0,0.0,0.0,0.0,4.0,5.7,5.1,0.7,7.0,8,4.4,9.2,9.2,1.2,17.2,7.6,2.1,0.0,0.0
Jalen Guyton,,,WR,3600,LAC,@DEN,24.0,LAC by 3.5,-7%,-8%,-7%,0.0,0.0,0.0,0.0,0.0,0.3,0.2,0.0,0.0,-4.0,2.3,2.2,2.7,0.3,19.8,4,12.0,8.6,8.6,3.0,14.2,5.2,1.4,0.0,0.0
Greg Olsen,,,TE,3600,SEA,SF,28.3,SEA by 2.5,-17%,-10%,-22%,0.0,0.0,0.0,0.0,0.0,0.0,0.0,0.0,0.0,0.0,3.7,3.7,3.4,0.8,7.2,5,5.1,6.5,6.5,1.5,11.4,6.4,1.8,0.0,0.0
Breshad Perriman,,O,WR,3600,NYJ,@KC,14.8,KC by 19.5,-14%,27%,-16%,0.0,0.0,0.0,0.0,0.0,0.0,0.0,0.0,0.0,0.0,4.0,4.3,0.0,0.3,6.9,0,6.0,5.7,5.7,2.6,8.8,0.0,0.0,0.0,0.0
KJ Hamler,,,WR,3600,DEN,LAC,20.5,LAC by 3.5,3%,-4%,-15%,0.0,0.0,0.0,0.0,0.0,0.7,0.8,0.4,0.0,5.7,2.7,3.8,4.1,0.3,6.8,7,3.7,5.0,5.0,1.3,8.6,7.5,2.1,0.0,0.0
Bryan Edwards,,Q,WR,3600,LV,@CLE,24.5,CLE by 2.5,17%,-22%,40%,0.0,0.0,0.0,0.0,0.0,0.0,0.0,0.0,0.0,0.0,2.0,2.0,2.8,0.0,16.5,4,5.0,5.0,5.0,2.3,7.6,3.8,1.1,0.0,0.0
Golden Tate,,,WR,3600,NYG,TB,17.8,TB by 10.5,-9%,-44%,-4%,0.0,0.0,0.0,0.0,0.0,0.0,0.0,0.1,0.0,0.0,2.7,4.3,5.3,0.3,7.5,10,7.1,7.6,7.6,4.4,10.7,7.4,2.1,0.0,0.0
Jalen Reagor,,,WR,3600,PHI,DAL,25.5,PHI by 8,-7%,51%,22%,0.0,0.0,0.0,0.0,0.0,0.0,0.0,0.2,0.0,0.0,4.0,4.0,4.9,0.0,12.0,8,7.3,7.3,7.3,6.2,8.4,9.7,2.7,0.0,0.0
Trey Burton,,,TE,3500,IND,@DET,26.5,IND by 3,1%,12%,-48%,0.0,0.0,0.0,0.0,0.0,0.3,0.3,0.4,0.3,1.0,3.7,3.7,4.7,0.3,9.7,8,11.3,11.3,11.3,1.8,20.8,8.9,2.5,0.0,0.0
Darnell Mooney,,,WR,3500,CHI,NO,19.8,NO by 4,-3%,-24%,-10%,0.0,0.0,0.0,0.0,0.0,0.0,0.1,0.1,0.0,-3.0,5.7,5.3,6.4,0.3,6.4,11,5.7,7.2,7.2,4.0,10.4,9.0,2.6,0.0,0.0
Kendrick Bourne,,,WR,3500,SF,@SEA,25.8,SEA by 2.5,50%,-6%,54%,0.0,0.0,0.0,0.0,0.0,0.0,0.0,0.1,0.0,0.0,2.7,4.3,5.4,0.4,9.0,9,5.8,7.2,7.2,3.2,11.1,10.4,3.0,0.0,0.0
Gabriel Davis,,,WR,3500,BUF,NE,23.3,BUF by 4,-7%,12%,-14%,0.0,0.0,0.0,0.0,0.0,0.0,0.2,0.0,0.2,0.0,1.7,2.0,2.6,0.2,12.3,4,4.5,6.1,6.1,1.8,10.4,3.6,1.0,0.0,0.0
Braxton Berrios,,,WR,3500,NYJ,@KC,14.8,KC by 19.5,-14%,27%,-16%,0.0,0.0,0.0,0.0,0.0,0.3,0.1,0.0,0.0,13.0,4.0,4.4,6.3,0.3,5.7,10,3.9,6.6,6.6,-1.1,14.2,8.4,2.4,0.0,0.0
Tyler Kroft,,,TE,3500,BUF,NE,23.3,BUF by 4,-7%,12%,-40%,0.0,0.0,0.0,0.0,0.0,0.0,0.0,0.0,0.0,0.0,3.0,2.3,3.2,0.7,7.6,5,4.8,5.5,5.5,-2.0,12.9,5.5,1.6,0.0,0.0
Jakobi Meyers,,,WR,3500,NE,@BUF,19.3,BUF by 4,-3%,6%,-17%,0.0,0.0,0.0,0.0,0.0,0.3,0.3,0.0,0.0,2.0,2.3,1.8,5.4,0.0,9.6,8,4.0,3.0,3.0,-1.9,7.9,8.6,2.5,0.0,0.0
Tyler Johnson,,,WR,3500,TB,@NYG,28.3,TB by 10.5,2%,-11%,13%,0.0,0.0,0.0,0.0,0.0,0.0,0.0,0.0,0.0,0.0,3.0,2.3,4.2,0.5,8.0,6,8.7,6.6,6.6,2.1,11.0,7.8,2.2,0.0,0.0
Mo Alie-Cox,,Q,TE,3400,IND,@DET,26.5,IND by 3,1%,12%,-48%,0.0,0.0,0.0,0.0,0.0,0.0,0.0,0.0,0.0,0.0,2.0,2.8,1.8,0.8,13.9,3,7.4,9.1,9.1,1.4,16.7,3.1,0.9,0.0,0.0
N'Keal Harry,,O,WR,3400,NE,@BUF,19.3,BUF by 4,-3%,6%,-17%,0.0,0.0,0.0,0.0,0.0,0.0,0.2,0.0,0.0,2.0,3.3,5.3,0.0,1.3,5.4,0,4.2,6.9,6.9,1.2,12.6,0.0,0.0,0.0,0.0
Willie Snead IV,,,WR,3400,BAL,PIT,25.3,BAL by 4,-12%,-42%,1%,0.0,0.0,0.0,0.0,0.0,0.0,0.0,0.0,0.0,0.0,2.3,2.5,2.8,0.5,9.9,5,2.7,5.3,5.3,-0.4,11.0,5.1,1.5,0.0,0.0
Drew Sample,,,TE,3400,CIN,TEN,24.0,TEN by 5.5,10%,16%,5%,0.0,0.0,0.0,0.0,0.0,0.0,0.0,0.0,0.0,0.0,3.0,3.6,4.6,1.1,7.0,7,4.8,5.2,5.2,0.6,9.8,6.9,2.0,0.0,0.0
Marquez Callaway,,O,WR,3400,NO,@CHI,23.8,NO by 4,-10%,1%,-16%,0.0,0.0,0.0,0.0,0.0,0.0,0.0,0.0,0.0,0.0,5.7,3.4,0.0,0.6,7.4,0,8.5,5.1,5.1,-1.5,11.7,0.0,0.0,0.0,0.0
Kyle Rudolph,,,TE,3400,MIN,@GB,22.5,GB by 6.5,-2%,-7%,-37%,0.0,0.0,0.0,0.0,0.0,0.0,0.0,0.0,0.0,0.0,2.7,2.3,2.7,0.3,8.8,4,4.8,4.7,4.7,1.3,8.1,5.5,1.6,0.0,0.0
DeSean Jackson,,O,WR,3400,PHI,DAL,25.5,PHI by 8,-7%,51%,22%,0.0,0.0,0.0,0.0,0.0,0.3,0.3,0.0,0.0,12.0,6.0,6.3,0.0,0.5,6.2,0,7.7,7.4,7.4,3.6,11.3,0.0,0.0,0.0,0.0
Danny Amendola,,,WR,3300,DET,IND,23.5,IND by 3,-19%,-25%,-12%,0.0,0.0,0.0,0.0,0.0,0.0,0.0,0.0,0.0,0.0,3.0,4.5,5.0,0.2,10.0,8,7.3,7.0,7.0,3.2,10.8,6.7,2.0,0.0,0.0
Deonte Harris,,,WR,3300,NO,@CHI,23.8,NO by 4,-10%,1%,-16%,0.0,0.0,0.0,0.0,0.0,0.7,0.8,1.3,0.2,7.5,3.3,3.2,5.1,0.2,6.3,10,6.7,6.0,6.0,1.0,11.0,8.0,2.4,0.0,0.0
Jeff Smith,,,WR,3300,NYJ,@KC,14.8,KC by 19.5,-14%,27%,-16%,0.0,0.0,0.0,0.0,0.0,0.0,0.0,0.0,0.0,0.0,5.3,6.3,5.4,0.5,4.5,9,2.4,5.5,5.5,-1.2,12.3,6.6,2.0,0.0,0.0
Jack Doyle,,,TE,3300,IND,@DET,26.5,IND by 3,1%,12%,-48%,0.0,0.0,0.0,0.0,0.0,0.0,0.0,0.0,0.0,0.0,2.0,2.0,3.2,0.6,9.0,5,4.4,4.2,4.2,-0.7,9.1,5.4,1.6,0.0,0.0
Denzel Mims,,,WR,3200,NYJ,@KC,14.8,KC by 19.5,-14%,27%,-16%,0.0,0.0,0.0,0.0,0.0,0.0,0.0,0.0,0.0,0.0,7.0,7.0,7.2,2.0,6.0,12,8.2,8.2,8.2,8.2,8.2,10.1,3.2,0.0,0.0
Harrison Bryant,,,TE,3200,CLE,LV,27.0,CLE by 2.5,15%,1%,-11%,0.0,0.0,0.0,0.0,0.0,0.0,0.0,0.0,0.0,0.0,2.7,2.6,5.0,0.4,7.0,8,7.9,6.1,6.1,-1.4,13.5,9.1,2.8,0.0,0.0
Cordarrelle Patterson,,Q,WR,3200,CHI,NO,19.8,NO by 4,-3%,-24%,-10%,0.0,0.0,0.0,0.0,0.0,2.3,3.6,3.0,0.1,2.8,2.7,1.9,1.9,0.1,5.9,8,4.5,3.7,3.7,1.4,6.0,5.0,1.6,0.0,0.0
Dawson Knox,,O,TE,3200,BUF,NE,23.3,BUF by 4,-7%,12%,-40%,0.0,0.0,0.0,0.0,0.0,0.0,0.0,0.0,0.0,0.0,3.0,3.0,2.9,1.3,8.9,5,4.0,4.0,4.0,3.5,4.5,0.0,0.0,0.0,0.0
David Moore,,,WR,3100,SEA,SF,28.3,SEA by 2.5,-17%,-10%,-12%,0.0,0.0,0.0,0.0,0.0,0.3,0.3,0.3,0.2,8.0,3.3,2.8,3.1,0.7,13.4,5,9.1,8.2,8.2,1.1,15.4,6.3,2.0,0.0,0.0
Josh Reynolds,,,WR,3100,LAR,@MIA,24.8,LAR by 3.5,-4%,5%,-12%,0.0,0.0,0.0,0.0,0.0,0.0,0.0,0.2,0.0,0.0,5.7,4.1,4.9,0.4,9.6,8,11.4,8.1,8.1,3.7,12.5,6.5,2.1,0.0,0.0
Isaiah Ford,,,WR,3100,MIA,LAR,21.3,LAR by 3.5,-14%,-15%,-20%,0.0,0.0,0.0,0.0,0.0,0.0,0.0,0.2,0.0,0.0,4.0,4.5,4.4,0.3,6.4,7,4.4,5.7,5.7,0.6,10.9,5.6,1.8,0.0,0.0
Demarcus Robinson,,,WR,3100,KC,NYJ,34.3,KC by 19.5,5%,6%,4%,0.0,0.0,0.0,0.0,0.0,0.0,0.0,0.0,0.0,0.0,3.7,3.1,4.4,0.6,5.6,6,5.2,3.8,3.8,-0.5,8.0,9.0,2.9,0.0,0.0
Marcus Johnson,,,WR,3000,IND,@DET,26.5,IND by 3,1%,12%,3%,0.0,0.0,0.0,0.0,0.0,0.0,0.0,0.0,0.0,0.0,4.0,4.0,4.2,0.3,15.7,7,10.3,10.3,10.3,2.5,18.0,7.2,2.4,0.0,0.0
Courtland Sutton,,O,WR,3000,DEN,LAC,20.5,LAC by 3.5,3%,-4%,-15%,0.0,0.0,0.0,0.0,0.0,0.0,0.0,0.0,0.0,0.0,6.0,6.0,0.0,0.0,11.0,0,9.6,9.6,9.6,9.6,9.6,0.0,0.0,0.0,0.0
James Washington,,,WR,3000,PIT,@BAL,21.3,BAL by 4,-6%,-8%,-17%,0.0,0.0,0.0,0.0,0.0,0.0,0.0,0.0,0.0,0.0,4.0,4.5,3.2,0.5,6.9,5,7.4,7.9,7.9,2.1,13.7,5.6,1.9,0.0,0.0
Anthony Firkser,,,TE,3000,TEN,@CIN,29.5,TEN by 5.5,6%,13%,54%,0.0,0.0,0.0,0.0,0.0,0.0,0.0,0.0,0.0,0.0,3.7,3.4,3.1,0.4,10.0,5,10.3,8.4,8.4,-3.2,20.0,5.5,1.8,0.0,0.0
Donald Parham Jr.,,,TE,3000,LAC,@DEN,24.0,LAC by 3.5,-7%,-8%,-14%,0.0,0.0,0.0,0.0,0.0,0.0,0.0,0.0,0.0,0.0,1.0,1.0,1.5,0.7,13.7,2,6.0,6.0,6.0,0.8,11.3,2.5,0.8,0.0,0.0
Chris Hogan,,O,WR,3000,NYJ,@KC,14.8,KC by 19.5,-14%,27%,-16%,0.0,0.0,0.0,0.0,0.0,0.0,0.0,0.0,0.0,0.0,4.7,5.2,0.0,0.8,4.5,0,3.8,5.2,5.2,-0.2,10.5,0.0,0.0,0.0,0.0
Devin Duvernay,,,WR,3000,BAL,PIT,25.3,BAL by 4,-12%,-42%,1%,0.0,0.0,0.0,0.0,0.0,0.3,0.2,0.1,0.0,42.0,2.3,2.0,2.6,0.2,7.5,4,5.1,4.9,4.9,1.8,8.0,5.2,1.7,0.0,0.0
Tyron Johnson,,,WR,3000,LAC,@DEN,24.0,LAC by 3.5,-7%,-8%,-7%,0.0,0.0,0.0,0.0,0.0,1.0,1.0,0.0,0.0,5.7,0.7,0.7,0.7,0.0,26.5,1,4.7,4.7,4.7,-1.9,11.3,1.6,0.5,0.0,0.0
Kalif Raymond,,,WR,3000,TEN,@CIN,29.5,TEN by 5.5,6%,13%,4%,0.0,0.0,0.0,0.0,0.0,0.3,0.2,0.0,0.2,-3.0,2.3,1.8,2.0,0.0,16.7,3,7.9,4.7,4.7,-2.9,12.4,3.9,1.3,0.0,0.0
Jakeem Grant,,,WR,3000,MIA,LAR,21.3,LAR by 3.5,-14%,-15%,-20%,0.0,0.0,0.0,0.0,0.0,0.3,0.3,0.2,0.0,8.5,3.7,2.8,2.4,0.0,8.0,4,5.3,4.7,4.7,1.5,8.0,3.9,1.3,0.0,0.0
Nick Boyle,,,TE,3000,BAL,PIT,25.3,BAL by 4,-12%,-42%,-36%,0.0,0.0,0.0,0.0,0.0,0.0,0.0,0.0,0.0,0.0,2.0,1.8,2.0,0.5,5.7,3,5.1,4.5,4.5,0.1,9.0,3.7,1.2,0.0,0.0
Zay Jones,,,WR,3000,LV,@CLE,24.5,CLE by 2.5,17%,-22%,40%,0.0,0.0,0.0,0.0,0.0,0.0,0.0,0.0,0.0,0.0,2.3,1.8,1.2,0.2,7.4,2,2.8,3.9,3.9,0.0,7.7,1.5,0.5,0.0,0.0
Mike Thomas,,,WR,3000,CIN,TEN,24.0,TEN by 5.5,10%,16%,-9%,0.0,0.0,0.0,0.0,0.0,0.3,0.1,0.0,0.0,1.0,2.3,2.4,1.9,0.1,7.8,3,3.4,4.5,4.5,0.1,8.9,3.3,1.1,0.0,0.0
Isaiah McKenzie,,,WR,3000,BUF,NE,23.3,BUF by 4,-7%,12%,-14%,0.0,0.0,0.0,0.0,0.0,1.0,0.7,0.3,0.2,1.0,1.3,1.8,1.9,0.3,9.6,4,2.5,3.5,3.5,1.5,5.5,3.3,1.1,0.0,0.0
Irv Smith Jr.,,,TE,3000,MIN,@GB,22.5,GB by 6.5,-2%,-7%,-37%,0.0,0.0,0.0,0.0,0.0,0.0,0.0,0.0,0.0,0.0,3.7,2.7,4.2,0.7,8.3,7,7.3,4.2,4.2,-1.1,9.5,7.1,2.4,0.0,0.0
Quintez Cephus,,,WR,3000,DET,IND,23.5,IND by 3,-19%,-25%,-12%,0.0,0.0,0.0,0.0,0.0,0.0,0.0,0.0,0.0,0.0,1.0,3.3,0.6,0.5,7.5,1,2.8,3.9,3.9,-0.6,8.5,0.5,0.2,0.0,0.0
Miles Boykin,,,WR,3000,BAL,PIT,25.3,BAL by 4,-12%,-42%,1%,0.0,0.0,0.0,0.0,0.0,0.0,0.0,0.0,0.0,0.0,2.7,3.2,2.8,0.3,6.4,5,2.3,3.9,3.9,0.8,6.9,5.4,1.8,0.0,0.0
Freddie Swain,,,WR,3000,SEA,SF,28.3,SEA by 2.5,-17%,-10%,-12%,0.0,0.0,0.0,0.0,0.0,0.0,0.0,0.0,0.0,0.0,2.0,1.5,1.5,0.3,10.8,2,2.9,3.8,3.8,0.7,6.9,2.3,0.8,0.0,0.0
Van Jefferson Jr.,,,WR,3000,LAR,@MIA,24.8,LAR by 3.5,-4%,5%,-12%,0.0,0.0,0.0,0.0,0.0,0.0,0.1,0.0,0.0,-1.0,0.7,1.7,1.9,0.1,8.2,3,1.4,2.4,2.4,-0.7,5.5,3.0,1.0,0.0,0.0
KhaDarel Hodge,,,WR,3000,CLE,LV,27.0,CLE by 2.5,15%,1%,-1%,0.0,0.0,0.0,0.0,0.0,0.0,0.0,0.0,0.0,0.0,2.0,2.0,2.5,0.0,8.5,4,2.7,2.7,2.7,-0.3,5.7,3.7,1.2,0.0,0.0
Byron Pringle,,,WR,3000,KC,NYJ,34.3,KC by 19.5,5%,6%,4%,0.0,0.0,0.0,0.0,0.0,0.0,0.0,0.0,0.0,0.0,1.0,0.5,1.2,0.0,23.0,2,5.3,2.7,2.7,-0.5,5.8,2.1,0.7,0.0,0.0
Marvin Hall,,,WR,3000,DET,IND,23.5,IND by 3,-19%,-25%,-12%,0.0,0.0,0.0,0.0,0.0,0.3,0.2,0.0,0.0,1.0,1.3,1.3,1.3,0.2,7.0,2,0.6,2.5,2.5,-1.2,6.1,1.9,0.6,0.0,0.0
Olabisi Johnson,,,WR,3000,MIN,@GB,22.5,GB by 6.5,-2%,-7%,-15%,0.0,0.0,0.0,0.0,0.0,0.0,0.0,0.0,0.0,0.0,0.7,1.5,1.9,0.0,10.3,3,0.8,2.4,2.4,-1.0,5.8,1.6,0.5,0.0,0.0
Ray-Ray McCloud III,,,WR,3000,PIT,@BAL,21.3,BAL by 4,-6%,-8%,-17%,0.0,0.0,0.0,0.0,0.0,0.7,0.3,0.1,0.0,31.5,2.0,1.0,1.1,0.0,4.0,2,4.6,2.3,2.3,-1.9,6.5,1.3,0.4,0.0,0.0
Joe Reed,,,WR,3000,LAC,@DEN,24.0,LAC by 3.5,-7%,-8%,-7%,0.0,0.0,0.0,0.0,0.0,1.0,0.8,0.1,0.3,7.3,0.0,0.0,1.0,0.0,0.0,2,2.7,2.1,2.1,-1.5,5.6,2.1,0.7,0.0,0.0
Malik Taylor,,,WR,3000,GB,MIN,29.0,GB by 6.5,16%,7%,18%,0.0,0.0,0.0,0.0,0.0,0.0,0.0,0.0,0.0,0.0,1.3,0.7,1.6,0.2,6.5,3,3.9,1.9,1.9,-1.5,5.4,3.0,1.0,0.0,0.0
Auden Tate,,,WR,3000,CIN,TEN,24.0,TEN by 5.5,10%,16%,-9%,0.0,0.0,0.0,0.0,0.0,0.0,0.0,0.0,0.0,0.0,1.0,1.4,1.5,0.4,8.0,2,1.6,1.9,1.9,-0.1,4.0,1.9,0.6,0.0,0.0
John Ross III,,D,WR,3000,CIN,TEN,24.0,TEN by 5.5,10%,16%,-9%,0.0,0.0,0.0,0.0,0.0,0.0,0.0,0.0,0.0,0.0,2.3,2.3,2.0,0.0,2.4,3,1.2,1.2,1.2,-0.9,3.4,0.2,0.1,0.0,0.0
DaeSean Hamilton,,,WR,3000,DEN,LAC,20.5,LAC by 3.5,3%,-4%,-15%,0.0,0.0,0.0,0.0,0.0,0.0,0.0,0.0,0.0,0.0,2.7,2.3,3.7,0.0,4.1,6,2.2,1.8,1.8,0.0,3.6,5.0,1.7,0.0,0.0
Chad Beebe,,,WR,3000,MIN,@GB,22.5,GB by 6.5,-2%,-7%,-15%,0.0,0.0,0.0,0.0,0.0,0.0,0.0,0.0,0.0,0.0,2.3,2.0,1.1,0.5,3.9,2,1.8,1.8,1.8,0.4,3.1,1.6,0.5,0.0,0.0
Javon Wims,,,WR,3000,CHI,NO,19.8,NO by 4,-3%,-24%,-10%,0.0,0.0,0.0,0.0,0.0,0.0,0.0,0.0,0.0,0.0,0.7,1.0,1.0,0.1,3.7,2,0.6,1.8,1.8,-0.9,4.5,1.1,0.4,0.0,0.0
Darrius Shepherd,,,WR,3000,GB,MIN,29.0,GB by 6.5,16%,7%,18%,0.0,0.0,0.0,0.0,0.0,0.0,0.0,0.2,0.0,0.0,1.7,1.5,1.7,0.3,6.2,3,2.2,1.7,1.7,-0.4,3.7,2.0,0.7,0.0,0.0
Austin Carr,,,WR,3000,NO,@CHI,23.8,NO by 4,-10%,1%,-16%,0.0,0.0,0.0,0.0,0.0,0.0,0.0,0.0,0.0,0.0,0.5,0.5,1.1,0.0,6.0,2,0.8,0.8,0.8,-0.3,1.9,0.8,0.3,0.0,0.0
Trent Taylor,,,WR,3000,SF,@SEA,25.8,SEA by 2.5,50%,-6%,54%,0.0,0.0,0.0,0.0,0.0,0.0,0.0,0.0,0.0,0.0,0.7,1.7,3.2,0.7,3.8,5,0.6,1.5,1.5,0.0,3.0,4.8,1.6,0.0,0.0
Reece Fountain,,,WR,3000,IND,@DET,26.5,IND by 3,1%,12%,3%,0.0,0.0,0.0,0.0,0.0,0.0,0.0,0.0,0.0,0.0,1.0,0.8,1.7,0.0,7.7,3,1.4,1.1,1.1,-1.1,3.2,1.1,0.4,0.0,0.0
Ted Ginn Jr.,,,WR,3000,CHI,NO,19.8,NO by 4,-3%,-24%,-10%,0.0,0.0,0.0,0.0,0.0,0.0,0.0,0.1,0.0,0.0,0.0,1.0,1.2,0.0,6.7,2,0.0,1.2,1.2,-0.7,3.0,1.8,0.6,0.0,0.0
Ashton Dulin,,,WR,3000,IND,@DET,26.5,IND by 3,1%,12%,3%,0.0,0.0,0.0,0.0,0.0,0.3,0.2,0.0,0.0,3.0,0.3,0.5,1.2,0.0,13.3,2,1.6,1.1,1.1,-0.8,2.9,1.4,0.5,0.0,0.0
K.J. Hill,,,WR,3000,LAC,@DEN,24.0,LAC by 3.5,-7%,-8%,-7%,0.0,0.0,0.0,0.0,0.0,0.0,0.0,0.0,0.0,0.0,2.0,2.0,1.0,0.7,3.8,2,1.4,1.4,1.4,0.1,2.7,1.4,0.5,0.0,0.0
Gunner Olszewski,,,WR,3000,NE,@BUF,19.3,BUF by 4,-3%,6%,-17%,0.0,0.0,0.0,0.0,0.0,0.0,0.0,0.0,0.0,0.0,0.3,0.3,2.7,0.0,11.0,4,0.7,0.7,0.7,-0.5,1.9,4.5,1.5,0.0,0.0
Bennie Fowler III,,O,WR,3000,NO,@CHI,23.8,NO by 4,-10%,1%,-16%,0.0,0.0,0.0,0.0,0.0,0.0,0.0,0.0,0.0,0.0,2.0,1.2,0.0,0.0,1.8,0,1.0,0.6,0.6,-0.8,2.0,0.0,0.0,0.0,0.0
Lynn Bowden Jr.,,,WR,3000,MIA,LAR,21.3,LAR by 3.5,-14%,-15%,-20%,0.0,0.0,0.0,0.0,0.0,1.3,1.0,0.4,0.3,2.3,0.0,0.3,0.7,0.0,-1.0,2,0.3,0.5,0.5,0.1,0.8,1.0,0.3,0.0,0.0
Diontae Spencer,,O,WR,3000,DEN,LAC,20.5,LAC by 3.5,3%,-4%,-15%,0.0,0.0,0.0,0.0,0.0,0.3,0.2,0.0,0.0,9.0,0.7,0.4,0.0,0.0,3.5,0,0.9,0.5,0.5,-0.2,1.3,0.0,0.0,0.0,0.0
Marcus Kemp,,,WR,3000,KC,NYJ,34.3,KC by 19.5,5%,6%,4%,0.0,0.0,0.0,0.0,0.0,0.0,0.0,0.0,0.0,0.0,0.3,0.2,0.0,0.0,11.0,0,0.7,0.4,0.4,-0.5,1.4,0.4,0.1,0.0,0.0
Alex Erickson,,,WR,3000,CIN,TEN,24.0,TEN by 5.5,10%,16%,-9%,0.0,0.0,0.0,0.0,0.0,0.0,0.1,0.0,0.0,7.0,0.3,0.3,0.8,0.0,4.5,1,0.0,0.4,0.4,-0.6,1.4,0.6,0.2,0.0,0.0
Andre Roberts,,,WR,3000,BUF,NE,23.3,BUF by 4,-7%,12%,-14%,0.0,0.0,0.0,0.0,0.0,0.3,0.2,0.0,0.0,-3.0,0.3,0.2,0.7,0.0,6.0,1,0.4,0.2,0.2,-0.3,0.7,0.3,0.1,0.0,0.0
Tyrie Cleveland,,,WR,3000,DEN,LAC,20.5,LAC by 3.5,3%,-4%,-15%,0.0,0.0,0.0,0.0,0.0,0.0,0.0,0.0,0.0,0.0,0.3,0.4,0.5,0.0,3.5,1,0.0,0.3,0.3,-0.4,1.1,0.3,0.1,0.0,0.0
JoJo Natson,,O,WR,3000,CLE,LV,27.0,CLE by 2.5,15%,1%,-1%,0.0,0.0,0.0,0.0,0.0,0.0,0.0,0.0,0.0,0.0,0.0,0.0,0.0,0.0,0.0,0,0.0,0.0,0.0,0.0,0.0,0.0,0.0,0.0,0.0
Dezmon Patmon,,,WR,3000,IND,@DET,26.5,IND by 3,1%,12%,3%,0.0,0.0,0.0,0.0,0.0,0.0,0.0,0.0,0.0,0.0,0.0,0.0,0.6,0.0,0.0,1,0.0,0.0,0.0,0.0,0.0,0.5,0.2,0.0,0.0
Jason Moore,,,WR,3000,LAC,@DEN,24.0,LAC by 3.5,-7%,-8%,-7%,0.0,0.0,0.0,0.0,0.0,0.0,0.0,0.0,0.0,0.0,0.0,0.0,0.9,0.0,0.0,1,0.0,0.0,0.0,0.0,0.0,0.1,0.0,0.0,0.0
Tajae Sharpe,,,WR,3000,MIN,@GB,22.5,GB by 6.5,-2%,-7%,-15%,0.0,0.0,0.0,0.0,0.0,0.0,0.0,0.0,0.0,0.0,0.5,0.5,0.8,0.0,0.0,1,0.0,0.0,0.0,0.0,0.0,0.7,0.2,0.0,0.0
Dan Chisena,,O,WR,3000,MIN,@GB,22.5,GB by 6.5,-2%,-7%,-15%,0.0,0.0,0.0,0.0,0.0,0.0,0.0,0.0,0.0,0.0,0.0,0.0,0.0,0.0,0.0,0,0.0,0.0,0.0,0.0,0.0,0.0,0.0,0.0,0.0
K.J. Osborn,,,WR,3000,MIN,@GB,22.5,GB by 6.5,-2%,-7%,-15%,0.0,0.0,0.0,0.0,0.0,0.0,0.0,0.0,0.0,0.0,0.0,0.0,0.6,0.0,0.0,1,0.0,0.0,0.0,0.0,0.0,0.6,0.2,0.0,0.0
Equanimeous St. Brown,,,WR,3000,GB,MIN,29.0,GB by 6.5,16%,7%,18%,0.0,0.0,0.0,0.0,0.0,0.0,0.0,0.0,0.0,0.0,1.0,1.0,1.3,0.0,0.0,2,0.0,0.0,0.0,0.0,0.0,1.3,0.4,0.0,0.0
Juwan Johnson,,,WR,3000,NO,@CHI,23.8,NO by 4,-10%,1%,-16%,0.0,0.0,0.0,0.0,0.0,0.0,0.0,0.0,0.0,0.0,0.0,0.0,0.0,0.0,0.0,0,0.0,0.0,0.0,0.0,0.0,0.6,0.2,0.0,0.0
Riley Ridley,,,WR,3000,CHI,NO,19.8,NO by 4,-3%,-24%,-10%,0.0,0.0,0.0,0.0,0.0,0.0,0.0,0.0,0.0,0.0,0.0,0.0,0.5,0.0,0.0,1,0.0,0.0,0.0,0.0,0.0,0.4,0.1,0.0,0.0
Chris Moore,,,WR,3000,BAL,PIT,25.3,BAL by 4,-12%,-42%,1%,0.0,0.0,0.0,0.0,0.0,0.0,0.0,0.0,0.0,0.0,0.0,0.0,0.8,0.0,0.0,1,0.0,0.0,0.0,0.0,0.0,0.2,0.1,0.0,0.0
James Proche,,,WR,3000,BAL,PIT,25.3,BAL by 4,-12%,-42%,1%,0.0,0.0,0.0,0.0,0.0,0.0,0.0,0.0,0.0,0.0,0.0,0.0,0.5,0.0,0.0,1,0.0,0.0,0.0,0.0,0.0,0.3,0.1,0.0,0.0
Antoine Wesley,,O,WR,3000,BAL,PIT,25.3,BAL by 4,-12%,-42%,1%,0.0,0.0,0.0,0.0,0.0,0.0,0.0,0.0,0.0,0.0,0.0,0.0,0.0,0.0,0.0,0,0.0,0.0,0.0,0.0,0.0,0.0,0.0,0.0,0.0
Rico Gafford,,,WR,3000,LV,@CLE,24.5,CLE by 2.5,17%,-22%,40%,0.0,0.0,0.0,0.0,0.0,0.0,0.0,0.0,0.0,0.0,0.7,0.7,1.6,0.0,0.0,3,0.0,0.0,0.0,0.0,0.0,0.3,0.1,0.0,0.0
Tyrell Williams,,O,WR,3000,LV,@CLE,24.5,CLE by 2.5,17%,-22%,40%,0.0,0.0,0.0,0.0,0.0,0.0,0.0,0.0,0.0,0.0,0.0,0.0,0.0,0.0,0.0,0,0.0,0.0,0.0,0.0,0.0,0.0,0.0,0.0,0.0
Taywan Taylor,,,WR,3000,CLE,LV,27.0,CLE by 2.5,15%,1%,-1%,0.0,0.0,0.0,0.0,0.0,0.0,0.0,0.0,0.0,0.0,0.0,0.0,0.6,0.0,0.0,1,0.0,0.0,0.0,0.0,0.0,0.5,0.2,0.0,0.0
Matthew Slater,,,WR,3000,NE,@BUF,19.3,BUF by 4,-3%,6%,-17%,0.0,0.0,0.0,0.0,0.0,0.0,0.0,0.0,0.0,0.0,0.0,0.0,0.0,0.0,0.0,0,0.0,0.0,0.0,0.0,0.0,0.2,0.1,0.0,0.0
Quincy Adeboyejo,,O,WR,3000,NE,@BUF,19.3,BUF by 4,-3%,6%,-17%,0.0,0.0,0.0,0.0,0.0,0.0,0.0,0.0,0.0,0.0,0.0,0.0,0.0,0.0,0.0,0,0.0,0.0,0.0,0.0,0.0,0.0,0.0,0.0,0.0
Duke Williams,,,WR,3000,BUF,NE,23.3,BUF by 4,-7%,12%,-14%,0.0,0.0,0.0,0.0,0.0,0.0,0.0,0.0,0.0,0.0,0.0,0.0,0.0,0.0,0.0,0,0.0,0.0,0.0,0.0,0.0,0.0,0.0,0.0,0.0
Isaiah Hodgins,,O,WR,3000,BUF,NE,23.3,BUF by 4,-7%,12%,-14%,0.0,0.0,0.0,0.0,0.0,0.0,0.0,0.0,0.0,0.0,0.0,0.0,0.0,0.0,0.0,0,0.0,0.0,0.0,0.0,0.0,0.0,0.0,0.0,0.0
Vyncint Smith,,,WR,3000,NYJ,@KC,14.8,KC by 19.5,-14%,27%,-16%,0.0,0.0,0.0,0.0,0.0,0.0,0.0,0.0,0.0,0.0,0.0,0.0,1.7,0.0,0.0,3,0.0,0.0,0.0,0.0,0.0,1.0,0.3,0.0,0.0
Mack Hollins,,,WR,3000,MIA,LAR,21.3,LAR by 3.5,-14%,-15%,-20%,0.0,0.0,0.0,0.0,0.0,0.0,0.0,0.0,0.0,0.0,0.0,0.0,0.8,0.0,0.0,1,0.0,0.0,0.0,0.0,0.0,0.2,0.1,0.0,0.0
Nsimba Webster,,,WR,3000,LAR,@MIA,24.8,LAR by 3.5,-4%,5%,-12%,0.0,0.0,0.0,0.0,0.0,0.0,0.0,0.0,0.0,0.0,0.0,0.0,0.4,0.0,0.0,1,0.0,0.0,0.0,0.0,0.0,0.1,0.0,0.0,0.0
Trishton Jackson,,,WR,3000,LAR,@MIA,24.8,LAR by 3.5,-4%,5%,-12%,0.0,0.0,0.0,0.0,0.0,0.0,0.0,0.0,0.0,0.0,0.0,0.0,0.0,0.0,0.0,0,0.0,0.0,0.0,0.0,0.0,0.0,0.0,0.0,0.0
Penny Hart,,,WR,3000,SEA,SF,28.3,SEA by 2.5,-17%,-10%,-12%,0.0,0.0,0.0,0.0,0.0,0.0,0.0,0.0,0.0,0.0,0.0,0.0,0.0,0.0,0.0,0,0.0,0.0,0.0,0.0,0.0,0.1,0.0,0.0,0.0
Phillip Dorsett II,,O,WR,3000,SEA,SF,28.3,SEA by 2.5,-17%,-10%,-12%,0.0,0.0,0.0,0.0,0.0,0.0,0.0,0.0,0.0,0.0,0.0,0.0,2.2,0.0,0.0,3,0.0,0.0,0.0,0.0,0.0,0.0,0.0,0.0,0.0
Josh Gordon,,,WR,3000,SEA,SF,28.3,SEA by 2.5,-17%,-10%,-12%,0.0,0.0,0.0,0.0,0.0,0.0,0.0,0.0,0.0,0.0,0.0,0.0,0.0,0.0,0.0,0,0.0,0.0,0.0,0.0,0.0,0.0,0.0,0.0,0.0
Dante Pettis,,,WR,3000,SF,@SEA,25.8,SEA by 2.5,50%,-6%,54%,0.0,0.0,0.0,0.0,0.0,0.0,0.0,0.0,0.0,0.0,0.0,0.3,1.0,0.0,0.0,2,0.0,0.0,0.0,0.0,0.0,0.9,0.3,0.0,0.0
Richie James,,O,WR,3000,SF,@SEA,25.8,SEA by 2.5,50%,-6%,54%,0.0,0.0,0.0,0.0,0.0,0.0,0.0,0.0,0.0,0.0,0.0,0.0,0.5,0.0,0.0,1,0.0,0.0,0.0,0.0,0.0,0.0,0.0,0.0,0.0
Jalen Hurd,,O,WR,3000,SF,@SEA,25.8,SEA by 2.5,50%,-6%,54%,0.0,0.0,0.0,0.0,0.0,0.0,0.0,0.0,0.0,0.0,0.0,0.0,0.0,0.0,0.0,0,0.0,0.0,0.0,0.0,0.0,0.0,0.0,0.0,0.0
Chris Thompson,,O,WR,3000,SF,@SEA,25.8,SEA by 2.5,50%,-6%,54%,0.0,0.0,0.0,0.0,0.0,0.0,0.0,0.0,0.0,0.0,0.0,0.0,0.0,0.0,0.0,0,0.0,0.0,0.0,0.0,0.0,0.0,0.0,0.0,0.0
Tavon Austin,,,WR,3000,SF,@SEA,25.8,SEA by 2.5,50%,-6%,54%,0.0,0.0,0.0,0.0,0.0,0.0,0.0,0.2,0.0,0.0,0.0,0.0,0.0,0.0,0.0,0,0.0,0.0,0.0,0.0,0.0,0.6,0.2,0.0,0.0
Cedrick Wilson,,,WR,3000,DAL,@PHI,17.5,PHI by 8,-11%,10%,11%,0.3,0.1,0.0,0.1,11.0,0.0,0.0,0.0,0.0,0.0,2.3,2.9,2.1,0.6,8.7,3,4.5,7.2,7.2,-3.8,18.3,3.2,1.1,0.0,0.0
Justin Watson,,,WR,3000,TB,@NYG,28.3,TB by 10.5,2%,-11%,13%,0.0,0.0,0.0,0.0,0.0,0.0,0.0,0.0,0.0,0.0,3.0,2.8,2.0,0.0,8.5,3,4.9,4.1,4.1,0.2,8.0,3.1,1.0,0.0,0.0
Olamide Zaccheaus,,,WR,3000,ATL,@CAR,25.0,CAR by 2,-8%,5%,-10%,0.0,0.0,0.0,0.0,0.0,0.3,0.1,0.0,0.0,0.0,2.0,3.1,2.0,0.1,6.8,3,0.8,4.1,4.1,-2.1,10.3,3.3,1.1,0.0,0.0
John Hightower,,,WR,3000,PHI,DAL,25.5,PHI by 8,-7%,51%,22%,0.0,0.0,0.0,0.0,0.0,0.0,0.0,0.2,0.0,0.0,4.0,3.0,2.3,0.4,7.9,4,6.2,3.9,3.9,1.3,6.6,3.3,1.1,0.0,0.0
Noah Brown,,,WR,3000,DAL,@PHI,17.5,PHI by 8,-11%,10%,11%,0.0,0.0,0.0,0.0,0.0,0.0,0.0,0.0,0.0,0.0,0.7,1.4,0.9,0.3,9.5,1,1.2,2.6,2.6,-0.5,5.8,1.4,0.5,0.0,0.0
JJ Arcega-Whiteside,,,WR,3000,PHI,DAL,25.5,PHI by 8,-7%,51%,22%,0.0,0.0,0.0,0.0,0.0,0.0,0.0,0.0,0.0,0.0,1.0,0.8,1.4,0.2,9.0,2,4.8,2.4,2.4,-0.9,5.7,2.1,0.7,0.0,0.0
Keith Kirkwood,,O,WR,3000,CAR,ATL,27.0,CAR by 2,35%,-22%,30%,0.0,0.0,0.0,0.0,0.0,0.0,0.0,0.0,0.0,0.0,2.0,2.0,0.0,0.0,6.5,0,2.3,2.3,2.3,2.3,2.3,0.0,0.0,0.0,0.0
C.J. Board,,Q,WR,3000,NYG,TB,17.8,TB by 10.5,-9%,-44%,-4%,0.0,0.0,0.0,0.0,0.0,0.3,0.2,0.0,0.0,3.0,1.3,1.8,1.9,0.0,6.0,3,0.7,2.3,2.3,0.0,4.6,2.8,0.9,0.0,0.0
Seth Roberts,,,WR,3000,CAR,ATL,27.0,CAR by 2,35%,-22%,30%,0.0,0.0,0.0,0.0,0.0,0.0,0.0,0.0,0.0,0.0,0.0,0.9,0.0,0.0,5.2,0,0.0,1.0,1.0,-0.4,2.4,0.0,0.0,0.0,0.0
Christian Blake,,,WR,3000,ATL,@CAR,25.0,CAR by 2,-8%,5%,-10%,0.0,0.0,0.0,0.0,0.0,0.0,0.0,0.0,0.0,0.0,0.7,1.0,1.2,0.0,7.4,2,0.5,1.3,1.3,-1.6,4.2,1.0,0.3,0.0,0.0
Austin Mack,,,WR,3000,NYG,TB,17.8,TB by 10.5,-9%,-44%,-4%,0.0,0.0,0.0,0.0,0.0,0.0,0.0,0.0,0.0,0.0,0.5,0.5,0.5,0.0,1.0,1,0.6,0.6,0.6,-0.2,1.3,0.4,0.1,0.0,0.0
Brandon Powell,,,WR,3000,ATL,@CAR,25.0,CAR by 2,-8%,5%,-10%,0.0,0.0,0.0,0.0,0.0,0.0,0.0,0.0,0.0,0.0,1.0,1.0,0.3,0.1,4.4,0,0.5,1.0,1.0,-1.1,3.1,0.6,0.2,0.0,0.0
Jaydon Mickens,,,WR,3000,TB,@NYG,28.3,TB by 10.5,2%,-11%,13%,0.0,0.0,0.0,0.0,0.0,0.0,0.0,0.0,0.0,0.0,0.7,0.3,1.0,0.0,11.0,1,1.4,0.6,0.6,-1.0,2.2,1.3,0.4,0.0,0.0
Pharoh Cooper,,,WR,3000,CAR,ATL,27.0,CAR by 2,35%,-22%,30%,0.0,0.0,0.0,0.0,0.0,0.0,0.0,0.0,0.0,0.0,0.3,0.1,0.8,0.0,12.0,1,0.7,0.3,0.3,-0.5,1.1,0.7,0.2,0.0,0.0
Brandon Zylstra,,,WR,3000,CAR,ATL,27.0,CAR by 2,35%,-22%,30%,0.0,0.0,0.0,0.0,0.0,0.0,0.0,0.0,0.0,0.0,0.3,0.1,1.0,0.1,4.0,2,0.5,0.2,0.2,-0.3,0.7,0.7,0.2,0.0,0.0
Quez Watkins,,,WR,3000,PHI,DAL,25.5,PHI by 8,-7%,51%,22%,0.0,0.0,0.0,0.0,0.0,0.0,0.0,0.0,0.0,0.0,0.0,0.0,0.7,0.0,0.0,1,0.0,0.0,0.0,0.0,0.0,0.5,0.2,0.0,0.0
Malik Turner,,,WR,3000,DAL,@PHI,17.5,PHI by 8,-11%,10%,11%,0.0,0.0,0.0,0.0,0.0,0.0,0.0,0.0,0.0,0.0,0.0,0.0,0.1,0.0,0.0,0,0.0,0.0,0.0,0.0,0.0,0.2,0.1,0.0,0.0
Marken Michel,,,WR,3000,CAR,ATL,27.0,CAR by 2,35%,-22%,30%,0.0,0.0,0.0,0.0,0.0,0.0,0.0,0.0,0.0,0.0,0.0,0.0,0.0,0.0,0.0,0,0.0,0.0,0.0,0.0,0.0,0.0,0.0,0.0,0.0
Omar Bayless,,O,WR,3000,CAR,ATL,27.0,CAR by 2,35%,-22%,30%,0.0,0.0,0.0,0.0,0.0,0.0,0.0,0.0,0.0,0.0,0.0,0.0,0.0,0.0,0.0,0,0.0,0.0,0.0,0.0,0.0,0.0,0.0,0.0,0.0
Cyril Grayson,,,WR,3000,TB,@NYG,28.3,TB by 10.5,2%,-11%,13%,0.0,0.0,0.0,0.0,0.0,0.0,0.0,0.0,0.0,0.0,1.0,1.0,0.1,0.0,0.0,0,0.0,0.0,0.0,0.0,0.0,0.4,0.1,0.0,0.0
David Sills,,O,WR,3000,NYG,TB,17.8,TB by 10.5,-9%,-44%,-4%,0.0,0.0,0.0,0.0,0.0,0.0,0.0,0.0,0.0,0.0,0.0,0.0,0.0,0.0,0.0,0,0.0,0.0,0.0,0.0,0.0,0.0,0.0,0.0,0.0
Cody Core,,O,WR,3000,NYG,TB,17.8,TB by 10.5,-9%,-44%,-4%,0.0,0.0,0.0,0.0,0.0,0.0,0.0,0.0,0.0,0.0,0.0,0.0,0.0,0.0,0.0,0,0.0,0.0,0.0,0.0,0.0,0.0,0.0,0.0,0.0
Chris Herndon,,,TE,2900,NYJ,@KC,14.8,KC by 19.5,-14%,27%,2%,0.0,0.0,0.0,0.0,0.0,0.0,0.0,0.0,0.0,0.0,1.3,3.3,3.1,0.1,4.3,5,1.5,3.1,3.1,0.0,6.3,4.4,1.5,0.0,0.0
Albert Okwuegbunam,,,TE,2800,DEN,LAC,20.5,LAC by 3.5,3%,-4%,-2%,0.0,0.0,0.0,0.0,0.0,0.0,0.0,0.0,0.0,0.0,6.5,6.5,3.1,1.5,8.1,5,9.8,9.8,9.8,5.2,14.3,5.5,2.0,0.0,0.0
Will Dissly,,,TE,2800,SEA,SF,28.3,SEA by 2.5,-17%,-10%,-22%,0.0,0.0,0.0,0.0,0.0,0.0,0.0,0.0,0.0,0.0,2.3,2.0,2.3,0.5,7.8,4,6.1,4.2,4.2,1.6,6.9,4.2,1.5,0.0,0.0
Virgil Green,,O,TE,2800,LAC,@DEN,24.0,LAC by 3.5,-7%,-8%,-14%,0.0,0.0,0.0,0.0,0.0,0.0,0.0,0.0,0.0,0.0,1.0,1.0,0.0,0.0,8.3,0,4.0,2.3,2.3,-1.4,6.1,0.0,0.0,0.0,0.0
Ryan Griffin,,,TE,2800,NYJ,@KC,14.8,KC by 19.5,-14%,27%,2%,0.0,0.0,0.0,0.0,0.0,0.0,0.0,0.0,0.0,0.0,1.0,1.1,1.7,0.0,3.4,3,1.2,1.1,1.1,-0.8,3.0,2.7,1.0,0.0,0.0
Ian Thomas,,,TE,2700,CAR,ATL,27.0,CAR by 2,35%,-22%,70%,0.0,0.0,0.0,0.0,0.0,0.0,0.0,0.0,0.0,0.0,1.0,1.7,2.7,0.4,4.2,4,1.3,2.6,2.6,-0.3,5.5,3.9,1.4,0.0,0.0
Cameron Brate,,,TE,2600,TB,@NYG,28.3,TB by 10.5,2%,-11%,-21%,0.0,0.0,0.0,0.0,0.0,0.0,0.0,0.0,0.0,0.0,2.7,1.4,1.9,0.3,5.8,3,4.2,2.8,2.8,-1.1,6.7,2.8,1.1,0.0,0.0
C.J. Uzomah,,O,TE,2500,CIN,TEN,24.0,TEN by 5.5,10%,16%,5%,0.0,0.0,0.0,0.0,0.0,0.0,0.0,0.0,0.0,0.0,5.5,5.5,0.0,1.0,7.9,0,11.3,11.3,11.3,7.3,15.4,0.0,0.0,0.0,0.0
Jordan Reed,,O,TE,2500,SF,@SEA,25.8,SEA by 2.5,50%,-6%,-36%,0.0,0.0,0.0,0.0,0.0,0.0,0.0,0.0,0.0,0.0,5.3,5.3,2.9,1.3,5.3,5,10.5,10.5,10.5,-1.2,22.2,0.0,0.0,0.0,0.0
Lee Smith,,,TE,2500,BUF,NE,23.3,BUF by 4,-7%,12%,-40%,0.0,0.0,0.0,0.0,0.0,0.0,0.0,0.0,0.0,0.0,0.3,0.3,0.7,0.3,1.0,1,2.4,2.4,2.4,-1.7,6.5,1.2,0.5,0.0,0.0
Foster Moreau,,,TE,2500,LV,@CLE,24.5,CLE by 2.5,17%,-22%,28%,0.0,0.0,0.0,0.0,0.0,0.0,0.0,0.0,0.0,0.0,0.3,0.7,0.9,0.2,16.0,1,0.6,2.7,2.7,-1.4,6.9,2.4,1.0,0.0,0.0
Jacob Hollister,,,TE,2500,SEA,SF,28.3,SEA by 2.5,-17%,-10%,-22%,0.0,0.0,0.0,0.0,0.0,0.0,0.0,0.0,0.0,0.0,1.0,1.0,0.9,0.2,5.3,1,1.7,2.7,2.7,-1.0,6.4,2.3,0.9,0.0,0.0
Adam Shaheen,,Q,TE,2500,MIA,LAR,21.3,LAR by 3.5,-14%,-15%,24%,0.0,0.0,0.0,0.0,0.0,0.0,0.0,0.0,0.0,0.0,1.7,1.2,1.6,0.5,8.3,2,7.1,3.8,3.8,-2.0,9.6,2.8,1.1,0.0,0.0
MyCole Pruitt,,,TE,2500,TEN,@CIN,29.5,TEN by 5.5,6%,13%,54%,0.0,0.0,0.0,0.0,0.0,0.0,0.0,0.0,0.0,0.0,0.7,0.8,0.6,0.3,5.7,1,1.2,2.7,2.7,-0.7,6.1,1.7,0.7,0.0,0.0
Jesse James,,,TE,2500,DET,IND,23.5,IND by 3,-19%,-25%,-64%,0.0,0.0,0.0,0.0,0.0,0.0,0.0,0.0,0.0,0.0,1.3,1.3,1.9,0.7,7.8,3,1.8,2.9,2.9,-1.8,7.5,2.7,1.1,0.0,0.0
Jace Sternberger,,,TE,2500,GB,MIN,29.0,GB by 6.5,16%,7%,-12%,0.0,0.0,0.0,0.0,0.0,0.0,0.0,0.0,0.0,0.0,1.3,1.2,1.2,0.2,6.5,2,4.6,2.8,2.8,-1.0,6.6,2.2,0.9,0.0,0.0
Vance McDonald,,,TE,2500,PIT,@BAL,21.3,BAL by 4,-6%,-8%,-2%,0.0,0.0,0.0,0.0,0.0,0.0,0.0,0.0,0.0,0.0,1.0,1.7,1.8,0.2,5.9,3,1.6,2.3,2.3,0.0,4.6,3.0,1.2,0.0,0.0
Jason Witten,,,TE,2500,LV,@CLE,24.5,CLE by 2.5,17%,-22%,28%,0.0,0.0,0.0,0.0,0.0,0.0,0.0,0.0,0.0,0.0,1.7,1.2,1.4,0.3,5.0,2,4.7,2.8,2.8,-0.8,6.3,2.8,1.1,0.0,0.0
Durham Smythe,,,TE,2500,MIA,LAR,21.3,LAR by 3.5,-14%,-15%,24%,0.0,0.0,0.0,0.0,0.0,0.0,0.0,0.0,0.0,0.0,2.0,1.2,1.2,0.4,6.8,2,4.7,2.8,2.8,-0.5,6.1,2.4,1.0,0.0,0.0
Cole Kmet,,,TE,2500,CHI,NO,19.8,NO by 4,-3%,-24%,37%,0.0,0.0,0.0,0.0,0.0,0.0,0.0,0.0,0.0,0.0,1.3,1.0,1.9,0.3,11.0,3,5.5,2.7,2.7,-1.4,6.7,3.1,1.2,0.0,0.0
Ryan Izzo,,,TE,2500,NE,@BUF,19.3,BUF by 4,-3%,6%,24%,0.0,0.0,0.0,0.0,0.0,0.0,0.0,0.0,0.0,0.0,2.3,2.0,2.3,0.2,7.5,3,2.5,2.5,2.5,0.2,4.8,2.8,1.1,0.0,0.0
Marcedes Lewis,,,TE,2500,GB,MIN,29.0,GB by 6.5,16%,7%,-12%,0.0,0.0,0.0,0.0,0.0,0.0,0.0,0.0,0.0,0.0,2.3,1.6,1.5,0.4,3.9,2,3.6,2.4,2.4,-1.2,6.1,2.4,1.0,0.0,0.0
Ross Dwelley,,,TE,2500,SF,@SEA,25.8,SEA by 2.5,50%,-6%,-36%,0.0,0.0,0.0,0.0,0.0,0.0,0.0,0.0,0.0,0.0,0.0,0.7,0.7,0.1,10.8,1,0.0,1.5,1.5,-1.8,4.8,1.1,0.4,0.0,0.0
Reggie Gilliam,,,TE,2500,BUF,NE,23.3,BUF by 4,-7%,12%,-40%,0.0,0.0,0.0,0.0,0.0,0.0,0.0,0.1,0.0,0.0,0.3,0.3,0.1,0.2,8.0,0,0.8,1.6,1.6,-1.3,4.5,2.0,0.8,0.0,0.0
Dalton Keene,,Q,TE,2500,NE,@BUF,19.3,BUF by 4,-3%,6%,24%,0.0,0.0,0.0,0.0,0.0,0.0,0.0,0.0,0.0,0.0,1.0,1.0,2.1,0.0,8.0,3,1.8,1.8,1.8,1.8,1.8,2.9,1.2,0.0,0.0
Johnny Mundt,,,TE,2500,LAR,@MIA,24.8,LAR by 3.5,-4%,5%,-53%,0.0,0.0,0.0,0.0,0.0,0.0,0.0,0.0,0.0,0.0,1.0,0.6,0.2,0.1,13.0,0,2.6,1.3,1.3,-1.6,4.2,1.3,0.5,0.0,0.0
Nick Vannett,,,TE,2500,DEN,LAC,20.5,LAC by 3.5,3%,-4%,-2%,0.0,0.0,0.0,0.0,0.0,0.0,0.0,0.0,0.0,0.0,2.0,2.0,1.7,0.2,3.3,3,2.6,1.7,1.7,-0.1,3.4,1.9,0.8,0.0,0.0
Demetrius Harris,,,TE,2500,CHI,NO,19.8,NO by 4,-3%,-24%,37%,0.0,0.0,0.0,0.0,0.0,0.0,0.0,0.0,0.0,0.0,2.3,2.0,1.7,0.4,3.2,3,1.8,1.6,1.6,-0.2,3.5,2.7,1.1,0.0,0.0
Isaac Nauta,,,TE,2500,DET,IND,23.5,IND by 3,-19%,-25%,-64%,0.0,0.0,0.0,0.0,0.0,0.0,0.0,0.0,0.0,0.0,0.5,0.5,0.0,0.0,3.0,0,0.7,0.7,0.7,-0.3,1.6,0.8,0.3,0.0,0.0
Adam Trautman,,,TE,2500,NO,@CHI,23.8,NO by 4,-10%,1%,18%,0.0,0.0,0.0,0.0,0.0,0.0,0.0,0.0,0.0,0.0,1.0,0.8,1.2,0.0,8.5,2,1.2,1.3,1.3,-0.5,3.1,2.4,1.0,0.0,0.0
Josiah Deguara,,O,TE,2500,GB,MIN,29.0,GB by 6.5,16%,7%,-12%,0.0,0.0,0.0,0.0,0.0,0.0,0.0,0.0,0.0,0.0,1.0,1.0,0.0,0.0,6.0,0,1.1,1.1,1.1,-0.5,2.7,0.0,0.0,0.0,0.0
Josh Hill,,,TE,2500,NO,@CHI,23.8,NO by 4,-10%,1%,18%,0.0,0.0,0.0,0.0,0.0,0.0,0.0,0.0,0.0,0.0,1.0,1.0,1.3,0.0,4.0,2,1.3,1.1,1.1,0.1,2.1,2.6,1.0,0.0,0.0
Geoff Swaim,,,TE,2500,TEN,@CIN,29.5,TEN by 5.5,6%,13%,54%,0.0,0.0,0.0,0.0,0.0,0.0,0.0,0.0,0.0,0.0,2.0,2.0,0.4,0.0,2.5,1,1.5,1.5,1.5,-0.6,3.6,1.8,0.7,0.0,0.0
Nick Keizer,,,TE,2500,KC,NYJ,34.3,KC by 19.5,5%,6%,8%,0.0,0.0,0.0,0.0,0.0,0.0,0.0,0.0,0.0,0.0,1.3,0.9,1.3,0.0,6.3,2,1.9,0.8,0.8,-0.9,2.6,1.6,0.6,0.0,0.0
Cethan Carter,,,TE,2500,CIN,TEN,24.0,TEN by 5.5,10%,16%,5%,0.0,0.0,0.0,0.0,0.0,0.0,0.0,0.0,0.0,0.0,0.7,0.5,0.8,0.2,8.3,1,1.1,0.8,0.8,-0.6,2.1,1.0,0.4,0.0,0.0
Deon Yelder,,,TE,2500,KC,NYJ,34.3,KC by 19.5,5%,6%,8%,0.0,0.0,0.0,0.0,0.0,0.0,0.0,0.0,0.0,0.0,0.0,0.3,0.4,0.0,5.0,1,0.0,0.4,0.4,-0.4,1.1,0.6,0.2,0.0,0.0
Jake Butt,,Q,TE,2500,DEN,LAC,20.5,LAC by 3.5,3%,-4%,-2%,0.0,0.0,0.0,0.0,0.0,0.0,0.0,0.0,0.0,0.0,0.7,0.8,1.0,0.2,1.3,2,0.5,0.5,0.5,-0.2,1.2,0.9,0.4,0.0,0.0
Stephen Carlson,,,TE,2500,CLE,LV,27.0,CLE by 2.5,15%,1%,-11%,0.0,0.0,0.0,0.0,0.0,0.0,0.0,0.0,0.0,0.0,0.0,0.1,0.3,0.0,0.0,0,0.0,0.3,0.3,-0.5,1.0,0.7,0.3,0.0,0.0
Trevon Wesco,,,TE,2500,NYJ,@KC,14.8,KC by 19.5,-14%,27%,2%,0.0,0.0,0.0,0.0,0.0,0.3,0.1,0.1,0.1,0.0,0.7,0.3,0.6,0.1,2.5,1,0.5,0.2,0.2,-0.4,0.8,1.1,0.4,0.0,0.0
Noah Togiai,,,TE,2500,IND,@DET,26.5,IND by 3,1%,12%,-48%,0.0,0.0,0.0,0.0,0.0,0.0,0.0,0.0,0.0,0.0,0.5,0.5,0.9,0.0,0.0,1,0.0,0.0,0.0,0.0,0.0,0.6,0.2,0.0,0.0
Hunter Bryant,,O,TE,2500,DET,IND,23.5,IND by 3,-19%,-25%,-64%,0.0,0.0,0.0,0.0,0.0,0.0,0.0,0.0,0.0,0.0,0.0,0.0,0.0,0.0,0.0,0,0.0,0.0,0.0,0.0,0.0,0.0,0.0,0.0,0.0
Stephen Anderson,,,TE,2500,LAC,@DEN,24.0,LAC by 3.5,-7%,-8%,-14%,0.0,0.0,0.0,0.0,0.0,0.0,0.0,0.0,0.0,0.0,0.0,0.0,0.5,0.0,0.0,1,0.0,0.0,0.0,0.0,0.0,0.6,0.2,0.0,0.0
Austin Fort,,O,TE,2500,DEN,LAC,20.5,LAC by 3.5,3%,-4%,-2%,0.0,0.0,0.0,0.0,0.0,0.0,0.0,0.0,0.0,0.0,0.0,0.0,0.0,0.0,0.0,0,0.0,0.0,0.0,0.0,0.0,0.0,0.0,0.0,0.0
Andrew Beck,,O,TE,2500,DEN,LAC,20.5,LAC by 3.5,3%,-4%,-2%,0.0,0.0,0.0,0.0,0.0,0.0,0.0,0.0,0.0,0.0,0.0,0.0,0.0,0.0,0.0,0,0.0,0.0,0.0,0.0,0.0,0.0,0.0,0.0,0.0
Tyler Conklin,,,TE,2500,MIN,@GB,22.5,GB by 6.5,-2%,-7%,-37%,0.0,0.0,0.0,0.0,0.0,0.0,0.0,0.0,0.0,0.0,0.0,0.0,2.0,0.0,0.0,3,0.0,0.0,0.0,0.0,0.0,2.3,0.9,0.0,0.0
John Lovett,,Q,TE,2500,GB,MIN,29.0,GB by 6.5,16%,7%,-12%,0.0,0.0,0.0,0.0,0.0,0.0,0.0,0.0,0.0,0.0,0.0,0.0,0.0,0.0,0.0,0,0.0,0.0,0.0,0.0,0.0,0.0,0.0,0.0,0.0
J.P. Holtz,,,TE,2500,CHI,NO,19.8,NO by 4,-3%,-24%,37%,0.0,0.0,0.0,0.0,0.0,0.0,0.0,0.0,0.0,0.0,0.0,0.0,0.7,0.0,0.0,1,0.0,0.0,0.0,0.0,0.0,0.5,0.2,0.0,0.0
Darion Clark,,O,TE,2500,CHI,NO,19.8,NO by 4,-3%,-24%,37%,0.0,0.0,0.0,0.0,0.0,0.0,0.0,0.0,0.0,0.0,0.0,0.0,0.0,0.0,0.0,0,0.0,0.0,0.0,0.0,0.0,0.0,0.0,0.0,0.0
Zach Gentry,,,TE,2500,PIT,@BAL,21.3,BAL by 4,-6%,-8%,-2%,0.0,0.0,0.0,0.0,0.0,0.0,0.0,0.0,0.0,0.0,0.0,0.0,0.9,0.0,0.0,1,0.0,0.0,0.0,0.0,0.0,0.6,0.2,0.0,0.0
Mason Schreck,,,TE,2500,CIN,TEN,24.0,TEN by 5.5,10%,16%,5%,0.0,0.0,0.0,0.0,0.0,0.0,0.0,0.0,0.0,0.0,0.0,0.0,0.0,0.0,0.0,0,0.0,0.0,0.0,0.0,0.0,1.4,0.6,0.0,0.0
Derek Carrier,,,TE,2500,LV,@CLE,24.5,CLE by 2.5,17%,-22%,28%,0.0,0.0,0.0,0.0,0.0,0.0,0.0,0.0,0.0,0.0,0.0,0.0,1.2,0.0,0.0,2,0.0,0.0,0.0,0.0,0.0,0.7,0.3,0.0,0.0
Devin Asiasi,,O,TE,2500,NE,@BUF,19.3,BUF by 4,-3%,6%,24%,0.0,0.0,0.0,0.0,0.0,0.0,0.0,0.0,0.0,0.0,0.0,0.0,0.3,0.0,0.0,0,0.0,0.0,0.0,0.0,0.0,0.0,0.0,0.0,0.0
Tommy Sweeney,,O,TE,2500,BUF,NE,23.3,BUF by 4,-7%,12%,-40%,0.0,0.0,0.0,0.0,0.0,0.0,0.0,0.0,0.0,0.0,0.0,0.0,0.0,0.0,0.0,0,0.0,0.0,0.0,0.0,0.0,0.0,0.0,0.0,0.0
Daniel Brown,,,TE,2500,NYJ,@KC,14.8,KC by 19.5,-14%,27%,2%,0.0,0.0,0.0,0.0,0.0,0.0,0.0,0.0,0.0,0.0,0.0,0.0,0.0,0.0,0.0,0,0.0,0.0,0.0,0.0,0.0,0.0,0.0,0.0,0.0
Ricky Seals-Jones,,,TE,2500,KC,NYJ,34.3,KC by 19.5,5%,6%,8%,0.0,0.0,0.0,0.0,0.0,0.0,0.0,0.0,0.0,0.0,1.0,1.0,0.4,0.0,0.0,1,0.0,0.0,0.0,0.0,0.0,0.7,0.3,0.0,0.0
Brycen Hopkins,,,TE,2500,LAR,@MIA,24.8,LAR by 3.5,-4%,5%,-53%,0.0,0.0,0.0,0.0,0.0,0.0,0.0,0.0,0.0,0.0,0.0,0.0,0.4,0.0,0.0,1,0.0,0.0,0.0,0.0,0.0,1.5,0.6,0.0,0.0
Luke Willson,,,TE,2500,SEA,SF,28.3,SEA by 2.5,-17%,-10%,-22%,0.0,0.0,0.0,0.0,0.0,0.0,0.0,0.0,0.0,0.0,0.0,0.0,1.0,0.0,0.0,2,0.0,0.0,0.0,0.0,0.0,0.6,0.2,0.0,0.0
Colby Parkinson,,,TE,2500,SEA,SF,28.3,SEA by 2.5,-17%,-10%,-22%,0.0,0.0,0.0,0.0,0.0,0.0,0.0,0.0,0.0,0.0,0.0,0.0,0.9,0.0,0.0,1,0.0,0.0,0.0,0.0,0.0,1.6,0.6,0.0,0.0
O.J. Howard,,O,TE,2500,TB,@NYG,28.3,TB by 10.5,2%,-11%,-21%,0.0,0.0,0.0,0.0,0.0,0.0,0.0,0.0,0.0,0.0,4.3,4.8,0.0,0.8,7.7,0,8.0,9.4,9.4,3.8,15.0,0.0,0.0,0.0,0.0
Jason Croom,,,TE,2500,PHI,DAL,25.5,PHI by 8,-7%,51%,21%,0.0,0.0,0.0,0.0,0.0,0.0,0.0,0.0,0.0,0.0,0.5,0.5,1.1,0.5,3.0,2,3.6,3.6,3.6,-1.5,8.8,2.2,0.9,0.0,0.0
Kaden Smith,,,TE,2500,NYG,TB,17.8,TB by 10.5,-9%,-44%,-7%,0.0,0.0,0.0,0.0,0.0,0.0,0.0,0.0,0.0,0.0,1.3,1.7,1.8,0.4,5.1,3,2.1,2.3,2.3,0.8,3.8,2.9,1.2,0.0,0.0
Blake Jarwin,,O,TE,2500,DAL,@PHI,17.5,PHI by 8,-11%,10%,45%,0.0,0.0,0.0,0.0,0.0,0.0,0.0,0.0,0.0,0.0,1.0,1.0,0.0,0.0,12.0,0,2.2,2.2,2.2,2.2,2.2,0.0,0.0,0.0,0.0
Blake Bell,,,TE,2500,DAL,@PHI,17.5,PHI by 8,-11%,10%,45%,0.0,0.0,0.0,0.0,0.0,0.0,0.0,0.0,0.0,0.0,0.7,1.1,1.5,0.1,8.9,2,0.8,1.7,1.7,-0.6,4.1,1.6,0.6,0.0,0.0
Chris Manhertz,,,TE,2500,CAR,ATL,27.0,CAR by 2,35%,-22%,70%,0.0,0.0,0.0,0.0,0.0,0.0,0.0,0.0,0.0,0.0,0.7,0.7,1.0,0.0,7.0,2,0.5,1.1,1.1,0.0,2.2,1.3,0.5,0.0,0.0
Tanner Hudson,,,TE,2500,TB,@NYG,28.3,TB by 10.5,2%,-11%,-21%,0.0,0.0,0.0,0.0,0.0,0.0,0.0,0.0,0.0,0.0,1.7,1.3,1.1,0.3,4.2,2,1.4,1.0,1.0,-0.2,2.2,2.5,1.0,0.0,0.0
Levine Toilolo,,,TE,2500,NYG,TB,17.8,TB by 10.5,-9%,-44%,-7%,0.0,0.0,0.0,0.0,0.0,0.0,0.0,0.0,0.0,0.0,0.0,0.1,0.6,0.0,13.0,1,0.0,0.3,0.3,-0.5,1.2,0.9,0.4,0.0,0.0
Luke Stocker,,,TE,2500,ATL,@CAR,25.0,CAR by 2,-8%,5%,-11%,0.0,0.0,0.0,0.0,0.0,0.0,0.0,0.0,0.0,0.0,0.7,0.6,0.8,0.1,2.0,1,0.4,0.4,0.4,-0.3,1.1,1.0,0.4,0.0,0.0
Jaeden Graham,,,TE,2500,ATL,@CAR,25.0,CAR by 2,-8%,5%,-11%,0.0,0.0,0.0,0.0,0.0,0.0,0.0,0.0,0.0,0.0,0.3,0.1,0.6,0.0,7.0,1,0.6,0.2,0.2,-0.4,0.9,1.0,0.4,0.0,0.0
Hakeem Butler,,,TE,2500,PHI,DAL,25.5,PHI by 8,-7%,51%,21%,0.0,0.0,0.0,0.0,0.0,0.0,0.0,0.0,0.0,0.0,1.0,1.0,1.5,1.0,0.0,2,0.0,0.0,0.0,0.0,0.0,2.7,1.1,0.0,0.0
Joshua Perkins,,O,TE,2500,PHI,DAL,25.5,PHI by 8,-7%,51%,21%,0.0,0.0,0.0,0.0,0.0,0.0,0.0,0.0,0.0,0.0,0.0,0.0,0.0,0.0,0.0,0,0.0,0.0,0.0,0.0,0.0,0.0,0.0,0.0,0.0
Sean McKeon,,,TE,2500,DAL,@PHI,17.5,PHI by 8,-11%,10%,45%,0.0,0.0,0.0,0.0,0.0,0.0,0.0,0.0,0.0,0.0,0.0,0.0,0.0,0.0,0.0,0,0.0,0.0,0.0,0.0,0.0,0.4,0.2,0.0,0.0
Antony Auclair,,,TE,2500,TB,@NYG,28.3,TB by 10.5,2%,-11%,-21%,0.0,0.0,0.0,0.0,0.0,0.0,0.0,0.0,0.0,0.0,0.0,0.0,0.9,0.0,0.0,1,0.0,0.0,0.0,0.0,0.0,0.8,0.3,0.0,0.0
Eric Tomlinson,,,TE,2500,NYG,TB,17.8,TB by 10.5,-9%,-44%,-7%,0.0,0.0,0.0,0.0,0.0,0.0,0.0,0.0,0.0,0.0,0.0,0.0,0.9,0.0,0.0,2,0.0,0.0,0.0,0.0,0.0,0.7,0.3,0.0,0.0
